Name,Index,Offset,IoType,Unit,Item,Action,Device,DataType,ContactPoint,IsSubscription,Default,Min,Max,Timeout,AlarmCode,ExeCmd,ActuatorId,Options,SimCmd,Desc
sxDeviceOutRobot,1,0,2,Device,OutRobot,,OutRobot,1,0,1,0,0,0,0,0,,0,,,Device Open / Close Status
syDeviceOutRobot,1,0,3,Device,OutRobot,,OutRobot,1,0,0,0,0,0,0,0,,1,127.0.0.1/18000,sxDeviceOutRobot/0/0/0/100;,Device Open / Close Command
xDeviceLibraryVersion,1,0,0,Device,Library,Version,OutRobot,2,0,0,0,0,0,0,0,AxlGetLibVersion,0,,,Device Library Version
xOutRobotClient1Connect,1,0,0,OutRobot,Client1,Connect,OutRobot,2,0,0,0,0,0,0,0,,0,,,TCP Clicent Connect Status
yOutRobotSendOffset,1,0,1,OutRobot,,SendOffset,OutRobot,0,0,0,0,0,1,0,0,,0,,,
yOutRobotOffsetdataLOAD_POSITION_A,1,0,1,OutRobot,Offsetdata,LOAD_POSITION_A,OutRobot,2,0,0,0,0,1,0,0,1/2/3/4/5/6/7/8,0,,,107/1111/NACHI_OUT_ROBOT/LOAD_POSITION_A/0/0/0/0/0/0/0/0
yOutRobotOffsetdataLOAD_POSITION_B,1,0,1,OutRobot,Offsetdata,LOAD_POSITION_B,OutRobot,2,0,0,0,0,1,0,0,21/22/23/24/25/26/27/28,0,,,108/1111/NACHI_OUT_ROBOT/LOAD_POSITION_B/0/0/0/0/0/0/0/0
yOutRobotOffsetdataUNLOAD_POSITION_A,1,0,1,OutRobot,Offsetdata,UNLOAD_POSITION_A,OutRobot,2,0,0,0,0,1,0,0,31/32/33/34/35/36/37/38,0,,,109/1111/NACHI_OUT_ROBOT/UNLOAD_POSITION_A/0/0/0/0/0/0/0/0
yOutRobotOffsetdataUNLOAD_POSITION_B,1,0,1,OutRobot,Offsetdata,UNLOAD_POSITION_B,OutRobot,2,0,0,0,0,1,0,0,41/42/43/44/45/46/47/48,0,,,110/1111/NACHI_OUT_ROBOT/UNLOAD_POSITION_B/0/0/0/0/0/0/0/0
yOutRobotOffsetdataBPT_A,1,0,1,OutRobot,Offsetdata,BPT_A,OutRobot,2,0,0,0,0,1,0,0,0/0/0/0/0/0/0/0,0,,,127/9999/NACHI_OUT_ROBOT/BPT/0/0/0/0/0/0/0/0
yOutRobotOffsetdataBPT_B,1,0,1,OutRobot,Offsetdata,BPT_B,OutRobot,2,0,0,0,0,1,0,0,1/0/0/0/0/0/0/0,0,,,128/9999/NACHI_OUT_ROBOT/BPT/1/0/0/0/0/0/0/0
yOutRobotOffsetdataBPU_A,1,0,1,OutRobot,Offsetdata,BPU_A,OutRobot,2,0,0,0,0,1,0,0,2/0/0/0/0/0/0/0,0,,,129/9999/NACHI_OUT_ROBOT/BPT/2/0/0/0/0/0/0/0
yOutRobotOffsetdataBPU_B,1,0,1,OutRobot,Offsetdata,BPU_B,OutRobot,2,0,0,0,0,1,0,0,3/0/0/0/0/0/0/0,0,,,130/9999/NACHI_OUT_ROBOT/BPT/3/0/0/0/0/0/0/0
yOutRobotOffsetdataBPT_C,1,0,1,OutRobot,Offsetdata,BPT_C,OutRobot,2,0,0,0,0,1,0,0,0/0/0/0/0/0/0/0,0,,,137/9998/NACHI_OUT_ROBOT/BPT/0/0/0/0/0/0/0/0
yOutRobotOffsetdataBPT_D,1,0,1,OutRobot,Offsetdata,BPT_D,OutRobot,2,0,0,0,0,1,0,0,1/0/0/0/0/0/0/0,0,,,138/9998/NACHI_OUT_ROBOT/BPT/1/0/0/0/0/0/0/0
yOutRobotOffsetdataBPU_C,1,0,1,OutRobot,Offsetdata,BPU_C,OutRobot,2,0,0,0,0,1,0,0,0/0/0/0/0/0/0/0,0,,,139/9998/NACHI_OUT_ROBOT/BPT/2/0/0/0/0/0/0/0
yOutRobotOffsetdataBPU_D,1,0,1,OutRobot,Offsetdata,BPU_D,OutRobot,2,0,0,0,0,1,0,0,3/0/0/0/0/0/0/0,0,,,140/9998/NACHI_OUT_ROBOT/BPT/3/0/0/0/0/0/0/0
yOutRobotOffsetdataBPT_E,1,0,1,OutRobot,Offsetdata,BPT_E,OutRobot,2,0,0,0,0,1,0,0,0/0/0/0/0/0/0/0,0,,,147/9997/NACHI_OUT_ROBOT/BPT/0/0/0/0/0/0/0/0
yOutRobotOffsetdataBPT_F,1,0,1,OutRobot,Offsetdata,BPT_F,OutRobot,2,0,0,0,0,1,0,0,1/0/0/0/0/0/0/0,0,,,148/9997/NACHI_OUT_ROBOT/BPT/1/0/0/0/0/0/0/0
yOutRobotOffsetdataBPU_E,1,0,1,OutRobot,Offsetdata,BPU_E,OutRobot,2,0,0,0,0,1,0,0,2/0/0/0/0/0/0/0,0,,,149/9997/NACHI_OUT_ROBOT/BPT/2/0/0/0/0/0/0/0
yOutRobotOffsetdataBPU_F,1,0,1,OutRobot,Offsetdata,BPU_F,OutRobot,2,0,0,0,0,1,0,0,3/0/0/0/0/0/0/0,0,,,150/9997/NACHI_OUT_ROBOT/BPT/3/0/0/0/0/0/0/0
xOutRobotTEACH_MODE,1,0,0,OutRobot,,TEACH_MODE,OutRobot,0,0,0,0,0,1,0,0,0x80,0,,,
xOutRobotPLAY_BACK_MODE,1,0,0,OutRobot,,PLAY_BACK_MODE,OutRobot,0,0,0,0,0,1,0,0,0x81,0,,,
xOutRobotRUNNING_U1,1,0,0,OutRobot,,RUNNING_U1,OutRobot,0,0,0,0,0,1,0,0,0x82,0,,,
xOutRobotUNDER_STOPPING,1,0,0,OutRobot,,UNDER_STOPPING,OutRobot,0,0,0,0,0,1,0,0,0x83,0,,,
xOutRobotINTERLOCK_ALARM,1,0,0,OutRobot,,INTERLOCK_ALARM,OutRobot,0,0,0,0,0,1,0,0,0x84,0,,,
xOutRobotMOTOR_ENERGIZED,1,0,0,OutRobot,,MOTOR_ENERGIZED,OutRobot,0,0,0,0,0,1,0,0,0x85,0,,,
xOutRobotPROGRAM_ENDED_U1,1,0,0,OutRobot,,PROGRAM_ENDED_U1,OutRobot,0,0,0,0,0,1,0,0,0x86,0,,,
xOutRobotFAILURE,1,0,0,OutRobot,,FAILURE,OutRobot,0,0,0,0,0,1,0,0,0x87,0,,,
xOutRobotBATTERY_WARNING_M1,1,0,0,OutRobot,,BATTERY_WARNING_M1,OutRobot,0,0,0,0,0,1,0,0,0x88,0,,,
xOutRobotHOME_POSITION_U1_1,1,0,0,OutRobot,,HOME_POSITION_U1_1,OutRobot,0,0,0,0,0,1,0,0,0x89,0,,,
xOutRobotHOME_POSITION_U1_2,1,0,0,OutRobot,,HOME_POSITION_U1_2,OutRobot,0,0,0,0,0,1,0,0,0x8A,0,,,
xOutRobotPROGRAM_SELECTED,1,0,0,OutRobot,,PROGRAM_SELECTED,OutRobot,0,0,0,0,0,1,0,0,0x8B,0,,,
xOutRobotEXTERNAL_REST_ACK_NO,1,0,0,OutRobot,,EXTERNAL_REST_ACK_NO,OutRobot,0,0,0,0,0,1,0,0,0x8C,0,,,
xOutRobotSTATE_OUTPUT_1,1,0,0,OutRobot,,STATE_OUTPUT_1,OutRobot,0,0,0,0,0,1,0,0,0x8D,0,,,
xOutRobotEMERGENCY_STOP,1,0,0,OutRobot,,EMERGENCY_STOP,OutRobot,0,0,0,0,0,1,0,0,0x8E,0,,,
xOutRobotUNIT_READY,1,0,0,OutRobot,,UNIT_READY,OutRobot,0,0,0,0,0,1,0,0,0x8F,0,,,
xOutRobotBUSY_SIGNALS,1,0,0,OutRobot,,BUSY_SIGNALS,OutRobot,0,0,0,0,0,1,0,0,0x90,0,,,
xOutRobotSPARE_X018,1,0,0,OutRobot,,SPARE_X018,OutRobot,0,0,0,0,0,1,0,0,0x91,0,,,
xOutRobotSPARE_X019,1,0,0,OutRobot,,SPARE_X019,OutRobot,0,0,0,0,0,1,0,0,0x92,0,,,
xOutRobotSPARE_X020,1,0,0,OutRobot,,SPARE_X020,OutRobot,0,0,0,0,0,1,0,0,0x93,0,,,
xOutRobotSPARE_X021,1,0,0,OutRobot,,SPARE_X021,OutRobot,0,0,0,0,0,1,0,0,0x94,0,,,
xOutRobotSPARE_X022,1,0,0,OutRobot,,SPARE_X022,OutRobot,0,0,0,0,0,1,0,0,0x95,0,,,
xOutRobotPENDANT_EMS,1,0,0,OutRobot,,PENDANT_EMS,OutRobot,0,0,0,0,0,1,0,0,0x96,0,,,
xOutRobotCONTROLLER_EMS,1,0,0,OutRobot,,CONTROLLER_EMS,OutRobot,0,0,0,0,0,1,0,0,0x97,0,,,
xOutRobotSPARE_X025,1,0,0,OutRobot,,SPARE_X025,OutRobot,0,0,0,0,0,1,0,0,0x98,0,,,
xOutRobotSPARE_X026,1,0,0,OutRobot,,SPARE_X026,OutRobot,0,0,0,0,0,1,0,0,0x99,0,,,
xOutRobotSPARE_X027,1,0,0,OutRobot,,SPARE_X027,OutRobot,0,0,0,0,0,1,0,0,0x9A,0,,,
xOutRobotSPARE_X028,1,0,0,OutRobot,,SPARE_X028,OutRobot,0,0,0,0,0,1,0,0,0x9B,0,,,
xOutRobotMANUAL_MODE,1,0,0,OutRobot,,MANUAL_MODE,OutRobot,0,0,0,0,0,1,0,0,0x9C,0,,,
xOutRobotMANUAL_MOVE_COMPLETE,1,0,0,OutRobot,,MANUAL_MOVE_COMPLETE,OutRobot,0,0,0,0,0,1,0,0,0x9D,0,,,
xOutRobotMANUAL_MOVE_STAND_BY,1,0,0,OutRobot,,MANUAL_MOVE_STAND_BY,OutRobot,0,0,0,0,0,1,0,0,0x9E,0,,,
xOutRobotSPARE_X32,1,0,0,OutRobot,,SPARE_X32,OutRobot,0,0,0,0,0,1,0,0,0x9F,0,,,
xOutRobotTOOL_1_VACUUM_ON_DI,1,0,0,OutRobot,,TOOL_1_VACUUM_ON_DI,OutRobot,0,0,0,0,0,1,0,0,0xA0,0,,,
xOutRobotTOOL_1_VACUUM_OFF_DI,1,0,0,OutRobot,,TOOL_1_VACUUM_OFF_DI,OutRobot,0,0,0,0,0,1,0,0,0xA1,0,,,
xOutRobotTOOL_1_CYLINDER_UP_DI,1,0,0,OutRobot,,TOOL_1_CYLINDER_UP_DI,OutRobot,0,0,0,0,0,1,0,0,0xA2,0,,,
xOutRobotTOOL_1_CYLINDER_DOWN_DI,1,0,0,OutRobot,,TOOL_1_CYLINDER_DOWN_DI,OutRobot,0,0,0,0,0,1,0,0,0xA3,0,,,
xOutRobotTOOL_2_VACUUM_ON_DI,1,0,0,OutRobot,,TOOL_2_VACUUM_ON_DI,OutRobot,0,0,0,0,0,1,0,0,0xA4,0,,,
xOutRobotTOOL_2_VACUUM_OFF_DI,1,0,0,OutRobot,,TOOL_2_VACUUM_OFF_DI,OutRobot,0,0,0,0,0,1,0,0,0xA5,0,,,
xOutRobotTOOL_2_CYLINDER_UP_DI,1,0,0,OutRobot,,TOOL_2_CYLINDER_UP_DI,OutRobot,0,0,0,0,0,1,0,0,0xA6,0,,,
xOutRobotTOOL_2_CYLINDER_DOWN_DI,1,0,0,OutRobot,,TOOL_2_CYLINDER_DOWN_DI,OutRobot,0,0,0,0,0,1,0,0,0xA7,0,,,
xOutRobotGET_SELECT_ACK,1,0,0,OutRobot,,GET_SELECT_ACK,OutRobot,0,0,0,0,0,1,0,0,0xA8,0,,,
xOutRobotPUT_SELECT_ACK,1,0,0,OutRobot,,PUT_SELECT_ACK,OutRobot,0,0,0,0,0,1,0,0,0xA9,0,,,
xOutRobotTOOL1_SELECT_ACK,1,0,0,OutRobot,,TOOL1_SELECT_ACK,OutRobot,0,0,0,0,0,1,0,0,0xAA,0,,,
xOutRobotTOOL2_SELECT_ACK,1,0,0,OutRobot,,TOOL2_SELECT_ACK,OutRobot,0,0,0,0,0,1,0,0,0xAB,0,,,
xOutRobotTOOL12_SELECT_ACK,1,0,0,OutRobot,,TOOL12_SELECT_ACK,OutRobot,0,0,0,0,0,1,0,0,0xAC,0,,,
xOutRobotSTAGE1_SELECT_ACK,1,0,0,OutRobot,,STAGE1_SELECT_ACK,OutRobot,0,0,0,0,0,1,0,0,0xAD,0,,,
xOutRobotSTAGE2_SELECT_ACK,1,0,0,OutRobot,,STAGE2_SELECT_ACK,OutRobot,0,0,0,0,0,1,0,0,0xAE,0,,,
xOutRobotSTAGE3_SELECT_ACK,1,0,0,OutRobot,,STAGE3_SELECT_ACK,OutRobot,0,0,0,0,0,1,0,0,0xAF,0,,,
xOutRobotSTAGE4_SELECT_ACK,1,0,0,OutRobot,,STAGE4_SELECT_ACK,OutRobot,0,0,0,0,0,1,0,0,0xB0,0,,,
xOutRobotT1_MCR_REQ,1,0,0,OutRobot,,T1_MCR_REQ,OutRobot,0,0,0,0,0,1,0,0,0xB1,0,,,
xOutRobotT2_MCR_REQ,1,0,0,OutRobot,,T2_MCR_REQ,OutRobot,0,0,0,0,0,1,0,0,0xB2,0,,,
xOutRobotSTG1_VAC_ON_REQ,1,0,0,OutRobot,,STG1_VAC_ON_REQ,OutRobot,0,0,0,0,0,1,0,0,0xB3,0,,,
xOutRobotSTG1_VAC_OFF_REQ,1,0,0,OutRobot,,STG1_VAC_OFF_REQ,OutRobot,0,0,0,0,0,1,0,0,0xB4,0,,,
xOutRobotSTG2_VAC_ON_REQ,1,0,0,OutRobot,,STG2_VAC_ON_REQ,OutRobot,0,0,0,0,0,1,0,0,0xB5,0,,,
xOutRobotSTG2_VAC_OFF_REQ,1,0,0,OutRobot,,STG2_VAC_OFF_REQ,OutRobot,0,0,0,0,0,1,0,0,0xB6,0,,,
xOutRobotSTG3_VAC_ON_REQ,1,0,0,OutRobot,,STG3_VAC_ON_REQ,OutRobot,0,0,0,0,0,1,0,0,0xB7,0,,,
xOutRobotSTG3_VAC_OFF_REQ,1,0,0,OutRobot,,STG3_VAC_OFF_REQ,OutRobot,0,0,0,0,0,1,0,0,0xB8,0,,,
xOutRobotSTG4_VAC_ON_REQ,1,0,0,OutRobot,,STG4_VAC_ON_REQ,OutRobot,0,0,0,0,0,1,0,0,0xB9,0,,,
xOutRobotSTG4_VAC_OFF_REQ,1,0,0,OutRobot,,STG4_VAC_OFF_REQ,OutRobot,0,0,0,0,0,1,0,0,0xBA,0,,,
xOutRobotSPARE_STG1_VAC_ON_REQ,1,0,0,OutRobot,,SPARE_STG1_VAC_ON_REQ,OutRobot,0,0,0,0,0,1,0,0,0xBB,0,,,
xOutRobotSPARE_STG1_VAC_OFF_REQ,1,0,0,OutRobot,,SPARE_STG1_VAC_OFF_REQ,OutRobot,0,0,0,0,0,1,0,0,0xBC,0,,,
xOutRobotSPARE_STG2_VAC_ON_REQ,1,0,0,OutRobot,,SPARE_STG2_VAC_ON_REQ,OutRobot,0,0,0,0,0,1,0,0,0xBD,0,,,
xOutRobotSPARE_STG2_VAC_OFF_REQ,1,0,0,OutRobot,,SPARE_STG2_VAC_OFF_REQ,OutRobot,0,0,0,0,0,1,0,0,0xBE,0,,,
xOutRobotSPARE_X64,1,0,0,OutRobot,,SPARE_X64,OutRobot,0,0,0,0,0,1,0,0,0xBF,0,,,
xOutRobotSPARE_X65,1,0,0,OutRobot,,SPARE_X65,OutRobot,0,0,0,0,0,1,0,0,0xC0,0,,,
xOutRobotP1_INTERLOCK,1,0,0,OutRobot,,P1_INTERLOCK,OutRobot,0,0,0,0,0,1,0,0,0xC1,0,,,
xOutRobotSPARE_X67,1,0,0,OutRobot,,SPARE_X67,OutRobot,0,0,0,0,0,1,0,0,0xC2,0,,,
xOutRobotSPARE_X68,1,0,0,OutRobot,,SPARE_X68,OutRobot,0,0,0,0,0,1,0,0,0xC3,0,,,
xOutRobotSPARE_X69,1,0,0,OutRobot,,SPARE_X69,OutRobot,0,0,0,0,0,1,0,0,0xC4,0,,,
xOutRobotP1_COMPLETE,1,0,0,OutRobot,,P1_COMPLETE,OutRobot,0,0,0,0,0,1,0,0,0xC5,0,,,
xOutRobotP2_INTERLOCK,1,0,0,OutRobot,,P2_INTERLOCK,OutRobot,0,0,0,0,0,1,0,0,0xC6,0,,,
xOutRobotSPARE_X72,1,0,0,OutRobot,,SPARE_X72,OutRobot,0,0,0,0,0,1,0,0,0xC7,0,,,
xOutRobotSPARE_X73,1,0,0,OutRobot,,SPARE_X73,OutRobot,0,0,0,0,0,1,0,0,0xC8,0,,,
xOutRobotSPARE_X74,1,0,0,OutRobot,,SPARE_X74,OutRobot,0,0,0,0,0,1,0,0,0xC9,0,,,
xOutRobotP2_COMPLETE,1,0,0,OutRobot,,P2_COMPLETE,OutRobot,0,0,0,0,0,1,0,0,0xCA,0,,,
xOutRobotP3_INTERLOCK,1,0,0,OutRobot,,P3_INTERLOCK,OutRobot,0,0,0,0,0,1,0,0,0xCB,0,,,
xOutRobotSPARE_X77,1,0,0,OutRobot,,SPARE_X77,OutRobot,0,0,0,0,0,1,0,0,0xCC,0,,,
xOutRobotSPARE_X78,1,0,0,OutRobot,,SPARE_X78,OutRobot,0,0,0,0,0,1,0,0,0xCD,0,,,
xOutRobotSPARE_X79,1,0,0,OutRobot,,SPARE_X79,OutRobot,0,0,0,0,0,1,0,0,0xCE,0,,,
xOutRobotP3_COMPLETE,1,0,0,OutRobot,,P3_COMPLETE,OutRobot,0,0,0,0,0,1,0,0,0xCF,0,,,
xOutRobotP4_INTERLOCK,1,0,0,OutRobot,,P4_INTERLOCK,OutRobot,0,0,0,0,0,1,0,0,0xD0,0,,,
xOutRobotSPARE_X82,1,0,0,OutRobot,,SPARE_X82,OutRobot,0,0,0,0,0,1,0,0,0xD1,0,,,
xOutRobotSPARE_X83,1,0,0,OutRobot,,SPARE_X83,OutRobot,0,0,0,0,0,1,0,0,0xD2,0,,,
xOutRobotSPARE_X84,1,0,0,OutRobot,,SPARE_X84,OutRobot,0,0,0,0,0,1,0,0,0xD3,0,,,
xOutRobotP4_COMPLETE,1,0,0,OutRobot,,P4_COMPLETE,OutRobot,0,0,0,0,0,1,0,0,0xD4,0,,,
xOutRobotP5_INTERLOCK,1,0,0,OutRobot,,P5_INTERLOCK,OutRobot,0,0,0,0,0,1,0,0,0xD5,0,,,
xOutRobotSPARE_X87,1,0,0,OutRobot,,SPARE_X87,OutRobot,0,0,0,0,0,1,0,0,0xD6,0,,,
xOutRobotSPARE_X88,1,0,0,OutRobot,,SPARE_X88,OutRobot,0,0,0,0,0,1,0,0,0xD7,0,,,
xOutRobotSPARE_X89,1,0,0,OutRobot,,SPARE_X89,OutRobot,0,0,0,0,0,1,0,0,0xD8,0,,,
xOutRobotP5_COMPLETE,1,0,0,OutRobot,,P5_COMPLETE,OutRobot,0,0,0,0,0,1,0,0,0xD9,0,,,
xOutRobotP6_INTERLOCK,1,0,0,OutRobot,,P6_INTERLOCK,OutRobot,0,0,0,0,0,1,0,0,0xDA,0,,,
xOutRobotSPARE_X92,1,0,0,OutRobot,,SPARE_X92,OutRobot,0,0,0,0,0,1,0,0,0xDB,0,,,
xOutRobotSPARE_X93,1,0,0,OutRobot,,SPARE_X93,OutRobot,0,0,0,0,0,1,0,0,0xDC,0,,,
xOutRobotSPARE_X94,1,0,0,OutRobot,,SPARE_X94,OutRobot,0,0,0,0,0,1,0,0,0xDD,0,,,
xOutRobotP6_COMPLETE,1,0,0,OutRobot,,P6_COMPLETE,OutRobot,0,0,0,0,0,1,0,0,0xDE,0,,,
xOutRobotP7_INTERLOCK,1,0,0,OutRobot,,P7_INTERLOCK,OutRobot,0,0,0,0,0,1,0,0,0xDF,0,,,
xOutRobotSPARE_X97,1,0,0,OutRobot,,SPARE_X97,OutRobot,0,0,0,0,0,1,0,0,0xE0,0,,,
xOutRobotSPARE_X98,1,0,0,OutRobot,,SPARE_X98,OutRobot,0,0,0,0,0,1,0,0,0xE1,0,,,
xOutRobotSPARE_X99,1,0,0,OutRobot,,SPARE_X99,OutRobot,0,0,0,0,0,1,0,0,0xE2,0,,,
xOutRobotP7_COMPLETE,1,0,0,OutRobot,,P7_COMPLETE,OutRobot,0,0,0,0,0,1,0,0,0xE3,0,,,
xOutRobotAUTO_CALIBRATION_START_ACK,1,0,0,OutRobot,,AUTO_CALIBRATION_START_ACK,OutRobot,0,0,0,0,0,1,0,0,0xE4,0,,,
xOutRobotAUTO_CALIBRATION_MOVE_ACK,1,0,0,OutRobot,,AUTO_CALIBRATION_MOVE_ACK,OutRobot,0,0,0,0,0,1,0,0,0xE5,0,,,
xOutRobotSPARE_X103,1,0,0,OutRobot,,SPARE_X103,OutRobot,0,0,0,0,0,1,0,0,0xE6,0,,,
xOutRobotSPARE_X104,1,0,0,OutRobot,,SPARE_X104,OutRobot,0,0,0,0,0,1,0,0,0xE7,0,,,
xOutRobotSPARE_X105,1,0,0,OutRobot,,SPARE_X105,OutRobot,0,0,0,0,0,1,0,0,0xE8,0,,,
xOutRobotSPARE_X106,1,0,0,OutRobot,,SPARE_X106,OutRobot,0,0,0,0,0,1,0,0,0xE9,0,,,
xOutRobotSPARE_X107,1,0,0,OutRobot,,SPARE_X107,OutRobot,0,0,0,0,0,1,0,0,0xEA,0,,,
xOutRobotSPARE_X108,1,0,0,OutRobot,,SPARE_X108,OutRobot,0,0,0,0,0,1,0,0,0xEB,0,,,
xOutRobotSPARE_X109,1,0,0,OutRobot,,SPARE_X109,OutRobot,0,0,0,0,0,1,0,0,0xEC,0,,,
xOutRobotSPARE_X110,1,0,0,OutRobot,,SPARE_X110,OutRobot,0,0,0,0,0,1,0,0,0xED,0,,,
xOutRobotSPARE_X111,1,0,0,OutRobot,,SPARE_X111,OutRobot,0,0,0,0,0,1,0,0,0xEE,0,,,
xOutRobotSPARE_X112,1,0,0,OutRobot,,SPARE_X112,OutRobot,0,0,0,0,0,1,0,0,0xEF,0,,,
xOutRobotSPARE_X113,1,0,0,OutRobot,,SPARE_X113,OutRobot,0,0,0,0,0,1,0,0,0xF0,0,,,
xOutRobotSPARE_X114,1,0,0,OutRobot,,SPARE_X114,OutRobot,0,0,0,0,0,1,0,0,0xF1,0,,,
xOutRobotSPARE_X115,1,0,0,OutRobot,,SPARE_X115,OutRobot,0,0,0,0,0,1,0,0,0xF2,0,,,
xOutRobotSPARE_X116,1,0,0,OutRobot,,SPARE_X116,OutRobot,0,0,0,0,0,1,0,0,0xF3,0,,,
xOutRobotSPARE_X117,1,0,0,OutRobot,,SPARE_X117,OutRobot,0,0,0,0,0,1,0,0,0xF4,0,,,
xOutRobotSPARE_X118,1,0,0,OutRobot,,SPARE_X118,OutRobot,0,0,0,0,0,1,0,0,0xF5,0,,,
xOutRobotSPARE_X119,1,0,0,OutRobot,,SPARE_X119,OutRobot,0,0,0,0,0,1,0,0,0xF6,0,,,
xOutRobotSPARE_X120,1,0,0,OutRobot,,SPARE_X120,OutRobot,0,0,0,0,0,1,0,0,0xF7,0,,,
xOutRobotSPARE_X121,1,0,0,OutRobot,,SPARE_X121,OutRobot,0,0,0,0,0,1,0,0,0xF8,0,,,
xOutRobotSPARE_X122,1,0,0,OutRobot,,SPARE_X122,OutRobot,0,0,0,0,0,1,0,0,0xF9,0,,,
xOutRobotSPARE_X123,1,0,0,OutRobot,,SPARE_X123,OutRobot,0,0,0,0,0,1,0,0,0xFA,0,,,
xOutRobotSPARE_X124,1,0,0,OutRobot,,SPARE_X124,OutRobot,0,0,0,0,0,1,0,0,0xFB,0,,,
xOutRobotSPARE_X125,1,0,0,OutRobot,,SPARE_X125,OutRobot,0,0,0,0,0,1,0,0,0xFC,0,,,
xOutRobotSPARE_X126,1,0,0,OutRobot,,SPARE_X126,OutRobot,0,0,0,0,0,1,0,0,0xFD,0,,,
xOutRobotSPARE_X127,1,0,0,OutRobot,,SPARE_X127,OutRobot,0,0,0,0,0,1,0,0,0xFE,0,,,
xOutRobotSPARE_X128,1,0,0,OutRobot,,SPARE_X128,OutRobot,0,0,0,0,0,1,0,0,0xFF,0,,,
yOutRobotEXTERNAL_PLAY_START_U1,1,0,1,OutRobot,,EXTERNAL_PLAY_START_U1,OutRobot,0,0,0,0,0,1,0,0,0x80,0,,xOutRobotFAILURE/2/0/0/100;,
yOutRobotPLAY_STOP_U1,1,0,1,OutRobot,,PLAY_STOP_U1,OutRobot,0,0,0,0,0,1,0,0,0x81,0,,,
yOutRobotFAILURE_RESET,1,0,1,OutRobot,,FAILURE_RESET,OutRobot,0,0,0,0,0,1,0,0,0x82,1,,xOutRobotFAILURE/2/0/0/100;,
yOutRobotMOTOR_ON_EXTERNAL,1,0,1,OutRobot,,MOTOR_ON_EXTERNAL,OutRobot,0,0,0,0,0,1,0,0,0x83,0,,,
yOutRobotMOTOR_OFF_EXTERNAL,1,0,1,OutRobot,,MOTOR_OFF_EXTERNAL,OutRobot,0,0,0,0,0,1,0,0,0x84,0,,,
yOutRobotREDUCE_SPEED,1,0,1,OutRobot,,REDUCE_SPEED,OutRobot,0,0,0,0,0,1,0,0,0x85,0,,,
yOutRobotPAUSE,1,0,1,OutRobot,,PAUSE,OutRobot,0,0,0,0,0,1,0,0,0x86,0,,,
yOutRobotEXTERNAL_RESET,1,0,1,OutRobot,,EXTERNAL_RESET,OutRobot,0,0,0,0,0,1,0,0,0x87,0,,,
yOutRobotORIGIN_RETURN,1,0,1,OutRobot,,ORIGIN_RETURN,OutRobot,0,0,0,0,0,1,0,0,0x88,0,,,
yOutRobotCYCLE_STOP,1,0,1,OutRobot,,CYCLE_STOP,OutRobot,0,0,0,0,0,1,0,0,0x89,0,,,
yOutRobotRECIPE_OK,1,0,1,OutRobot,,RECIPE_OK,OutRobot,0,0,0,0,0,1,0,0,0x8A,0,,,
yOutRobotPROGRAM_SELECT_BIT_U1_1,1,0,1,OutRobot,,PROGRAM_SELECT_BIT_U1_1,OutRobot,0,0,0,0,0,1,0,0,0x8B,0,,,
yOutRobotPROGRAM_SELECT_BIT_U1_2,1,0,1,OutRobot,,PROGRAM_SELECT_BIT_U1_2,OutRobot,0,0,0,0,0,1,0,0,0x8C,0,,,
yOutRobotPROGRAM_SELECT_BIT_U1_3,1,0,1,OutRobot,,PROGRAM_SELECT_BIT_U1_3,OutRobot,0,0,0,0,0,1,0,0,0x8D,0,,,
yOutRobotPROGRAM_SELECT_BIT_U1_4,1,0,1,OutRobot,,PROGRAM_SELECT_BIT_U1_4,OutRobot,0,0,0,0,0,1,0,0,0x8E,0,,,
yOutRobotPROGRAM_SELECT_BIT_U1_5,1,0,1,OutRobot,,PROGRAM_SELECT_BIT_U1_5,OutRobot,0,0,0,0,0,1,0,0,0x8F,0,,,
yOutRobotPROGRAM_SELECT_BIT_U1_6,1,0,1,OutRobot,,PROGRAM_SELECT_BIT_U1_6,OutRobot,0,0,0,0,0,1,0,0,0x90,0,,,
yOutRobotPROGRAM_SELECT_BIT_U1_7,1,0,1,OutRobot,,PROGRAM_SELECT_BIT_U1_7,OutRobot,0,0,0,0,0,1,0,0,0x91,0,,,
yOutRobotPROGRAM_SELECT_BIT_U1_8,1,0,1,OutRobot,,PROGRAM_SELECT_BIT_U1_8,OutRobot,0,0,0,0,0,1,0,0,0x92,0,,,
yOutRobotSPEED_OVERRIDE_INPUT_1,1,0,1,OutRobot,,SPEED_OVERRIDE_INPUT_1,OutRobot,0,0,0,0,0,1,0,0,0x93,0,,,
yOutRobotSPEED_OVERRIDE_INPUT_2,1,0,1,OutRobot,,SPEED_OVERRIDE_INPUT_2,OutRobot,0,0,0,0,0,1,0,0,0x94,0,,,
yOutRobotSPEED_OVERRIDE_INPUT_3,1,0,1,OutRobot,,SPEED_OVERRIDE_INPUT_3,OutRobot,0,0,0,0,0,1,0,0,0x95,0,,,
yOutRobotSPEED_OVERRIDE_INPUT_4,1,0,1,OutRobot,,SPEED_OVERRIDE_INPUT_4,OutRobot,0,0,0,0,0,1,0,0,0x96,0,,,
yOutRobotSPEED_OVERRIDE_INPUT_5,1,0,1,OutRobot,,SPEED_OVERRIDE_INPUT_5,OutRobot,0,0,0,0,0,1,0,0,0x97,0,,,
yOutRobotSPEED_OVERRIDE_INPUT_6,1,0,1,OutRobot,,SPEED_OVERRIDE_INPUT_6,OutRobot,0,0,0,0,0,1,0,0,0x98,0,,,
yOutRobotSPEED_OVERRIDE_INPUT_7,1,0,1,OutRobot,,SPEED_OVERRIDE_INPUT_7,OutRobot,0,0,0,0,0,1,0,0,0x99,0,,,
yOutRobotSPEED_OVERRIDE_INPUT_8,1,0,1,OutRobot,,SPEED_OVERRIDE_INPUT_8,OutRobot,0,0,0,0,0,1,0,0,0x9A,0,,,
yOutRobotAUTO_RETRY_REQUEST,1,0,1,OutRobot,,AUTO_RETRY_REQUEST,OutRobot,0,0,0,0,0,1,0,0,0x9B,0,,,
yOutRobotMANUAL_MODE_SELECT,1,0,1,OutRobot,,MANUAL_MODE_SELECT,OutRobot,0,0,0,0,0,1,0,0,0x9C,0,,,
yOutRobotMANUAL_MOVE_GO,1,0,1,OutRobot,,MANUAL_MOVE_GO,OutRobot,0,0,0,0,0,1,0,0,0x9D,0,,,
yOutRobotSPARE_Y031,1,0,1,OutRobot,,SPARE_Y031,OutRobot,0,0,0,0,0,1,0,0,0x9E,0,,,
yOutRobotSPARE_Y032,1,0,1,OutRobot,,SPARE_Y032,OutRobot,0,0,0,0,0,1,0,0,0x9F,0,,,
yOutRobotTOOL_1_VACUUM_ON_DO,1,0,1,OutRobot,,TOOL_1_VACUUM_ON_DO,OutRobot,0,0,0,0,0,1,0,0,0xA0,0,,,
yOutRobotTOOL_1_VACUUM_OFF_DO,1,0,1,OutRobot,,TOOL_1_VACUUM_OFF_DO,OutRobot,0,0,0,0,0,1,0,0,0xA1,0,,,
yOutRobotTOOL_1_CYLINDER_UP_DO,1,0,1,OutRobot,,TOOL_1_CYLINDER_UP_DO,OutRobot,0,0,0,0,0,1,0,0,0xA2,0,,,
yOutRobotTOOL_1_CYLINDER_DOWN_DO,1,0,1,OutRobot,,TOOL_1_CYLINDER_DOWN_DO,OutRobot,0,0,0,0,0,1,0,0,0xA3,0,,,
yOutRobotTOOL_2_VACUUM_ON_DO,1,0,1,OutRobot,,TOOL_2_VACUUM_ON_DO,OutRobot,0,0,0,0,0,1,0,0,0xA4,0,,,
yOutRobotTOOL_2_VACUUM_OFF_DO,1,0,1,OutRobot,,TOOL_2_VACUUM_OFF_DO,OutRobot,0,0,0,0,0,1,0,0,0xA5,0,,,
yOutRobotTOOL_2_CYLINDER_UP_DO,1,0,1,OutRobot,,TOOL_2_CYLINDER_UP_DO,OutRobot,0,0,0,0,0,1,0,0,0xA6,0,,,
yOutRobotTOOL_2_CYLINDER_DOWN_DO,1,0,1,OutRobot,,TOOL_2_CYLINDER_DOWN_DO,OutRobot,0,0,0,0,0,1,0,0,0xA7,0,,,
yOutRobotGET_SELECT,1,0,1,OutRobot,,GET_SELECT,OutRobot,0,0,0,0,0,1,0,0,0xA8,0,,,
yOutRobotPUT_SELECT,1,0,1,OutRobot,,PUT_SELECT,OutRobot,0,0,0,0,0,1,0,0,0xA9,0,,,
yOutRobotTOOL1_SELECT,1,0,1,OutRobot,,TOOL1_SELECT,OutRobot,0,0,0,0,0,1,0,0,0xAA,0,,,
yOutRobotTOOL2_SELECT,1,0,1,OutRobot,,TOOL2_SELECT,OutRobot,0,0,0,0,0,1,0,0,0xAB,0,,,
yOutRobotTOOL12_SELECT,1,0,1,OutRobot,,TOOL12_SELECT,OutRobot,0,0,0,0,0,1,0,0,0xAC,0,,,
yOutRobotSTAGE1_SELECT,1,0,1,OutRobot,,STAGE1_SELECT,OutRobot,0,0,0,0,0,1,0,0,0xAD,0,,,
yOutRobotSTAGE2_SELECT,1,0,1,OutRobot,,STAGE2_SELECT,OutRobot,0,0,0,0,0,1,0,0,0xAE,0,,,
yOutRobotSTAGE3_SELECT,1,0,1,OutRobot,,STAGE3_SELECT,OutRobot,0,0,0,0,0,1,0,0,0xAF,0,,,
yOutRobotSTAGE4_SELECT,1,0,1,OutRobot,,STAGE4_SELECT,OutRobot,0,0,0,0,0,1,0,0,0xB0,0,,,
yOutRobotT1_MCR_ACK,1,0,1,OutRobot,,T1_MCR_ACK,OutRobot,0,0,0,0,0,1,0,0,0xB1,0,,,
yOutRobotT2_MCR_ACK,1,0,1,OutRobot,,T2_MCR_ACK,OutRobot,0,0,0,0,0,1,0,0,0xB2,0,,,
yOutRobotSTG1_VAC_ON_ACK,1,0,1,OutRobot,,STG1_VAC_ON_ACK,OutRobot,0,0,0,0,0,1,0,0,0xB3,0,,,
yOutRobotSTG1_VAC_OFF_ACK,1,0,1,OutRobot,,STG1_VAC_OFF_ACK,OutRobot,0,0,0,0,0,1,0,0,0xB4,0,,,
yOutRobotSTG2_VAC_ON_ACK,1,0,1,OutRobot,,STG2_VAC_ON_ACK,OutRobot,0,0,0,0,0,1,0,0,0xB5,0,,,
yOutRobotSTG2_VAC_OFF_ACK,1,0,1,OutRobot,,STG2_VAC_OFF_ACK,OutRobot,0,0,0,0,0,1,0,0,0xB6,0,,,
yOutRobotSTG3_VAC_ON_ACK,1,0,1,OutRobot,,STG3_VAC_ON_ACK,OutRobot,0,0,0,0,0,1,0,0,0xB7,0,,,
yOutRobotSTG3_VAC_OFF_ACK,1,0,1,OutRobot,,STG3_VAC_OFF_ACK,OutRobot,0,0,0,0,0,1,0,0,0xB8,0,,,
yOutRobotSTG4_VAC_ON_ACK,1,0,1,OutRobot,,STG4_VAC_ON_ACK,OutRobot,0,0,0,0,0,1,0,0,0xB9,0,,,
yOutRobotSTG4_VAC_OFF_ACK,1,0,1,OutRobot,,STG4_VAC_OFF_ACK,OutRobot,0,0,0,0,0,1,0,0,0xBA,0,,,
yOutRobotSPARE_STG1_VAC_ON_ACK,1,0,1,OutRobot,,SPARE_STG1_VAC_ON_ACK,OutRobot,0,0,0,0,0,1,0,0,0xBB,0,,,
yOutRobotSPARE_STG1_VAC_OFF_ACK,1,0,1,OutRobot,,SPARE_STG1_VAC_OFF_ACK,OutRobot,0,0,0,0,0,1,0,0,0xBC,0,,,
yOutRobotSPARE_STG2_VAC_ON_ACK,1,0,1,OutRobot,,SPARE_STG2_VAC_ON_ACK,OutRobot,0,0,0,0,0,1,0,0,0xBD,0,,,
yOutRobotSPARE_STG2_VAC_OFF_ACK,1,0,1,OutRobot,,SPARE_STG2_VAC_OFF_ACK,OutRobot,0,0,0,0,0,1,0,0,0xBE,0,,,
yOutRobotSPARE_Y64,1,0,1,OutRobot,,SPARE_Y64,OutRobot,0,0,0,0,0,1,0,0,0xBF,0,,,
yOutRobotSPARE_Y65,1,0,1,OutRobot,,SPARE_Y65,OutRobot,0,0,0,0,0,1,0,0,0xC0,0,,,
yOutRobotP1_PERMIT,1,0,1,OutRobot,,P1_PERMIT,OutRobot,0,0,0,0,0,1,0,0,0xC1,0,,,
yOutRobotP1_VISION_USE,1,0,1,OutRobot,,P1_VISION_USE,OutRobot,0,0,0,0,0,1,0,0,0xC2,0,,,
yOutRobotSPARE_Y68,1,0,1,OutRobot,,SPARE_Y68,OutRobot,0,0,0,0,0,1,0,0,0xC3,0,,,
yOutRobotSPARE_Y69,1,0,1,OutRobot,,SPARE_Y69,OutRobot,0,0,0,0,0,1,0,0,0xC4,0,,,
yOutRobotSPARE_Y70,1,0,1,OutRobot,,SPARE_Y70,OutRobot,0,0,0,0,0,1,0,0,0xC5,0,,,
yOutRobotP2_PERMIT,1,0,1,OutRobot,,P2_PERMIT,OutRobot,0,0,0,0,0,1,0,0,0xC6,0,,,
yOutRobotP2_VISION_USE,1,0,1,OutRobot,,P2_VISION_USE,OutRobot,0,0,0,0,0,1,0,0,0xC7,0,,,
yOutRobotSPARE_Y73,1,0,1,OutRobot,,SPARE_Y73,OutRobot,0,0,0,0,0,1,0,0,0xC8,0,,,
yOutRobotSPARE_Y74,1,0,1,OutRobot,,SPARE_Y74,OutRobot,0,0,0,0,0,1,0,0,0xC9,0,,,
yOutRobotSPARE_Y75,1,0,1,OutRobot,,SPARE_Y75,OutRobot,0,0,0,0,0,1,0,0,0xCA,0,,,
yOutRobotP3_PERMIT,1,0,1,OutRobot,,P3_PERMIT,OutRobot,0,0,0,0,0,1,0,0,0xCB,0,,,
yOutRobotP3_VISION_USE,1,0,1,OutRobot,,P3_VISION_USE,OutRobot,0,0,0,0,0,1,0,0,0xCC,0,,,
yOutRobotSPARE_Y78,1,0,1,OutRobot,,SPARE_Y78,OutRobot,0,0,0,0,0,1,0,0,0xCD,0,,,
yOutRobotSPARE_Y79,1,0,1,OutRobot,,SPARE_Y79,OutRobot,0,0,0,0,0,1,0,0,0xCE,0,,,
yOutRobotSPARE_Y80,1,0,1,OutRobot,,SPARE_Y80,OutRobot,0,0,0,0,0,1,0,0,0xCF,0,,,
yOutRobotP4_PERMIT,1,0,1,OutRobot,,P4_PERMIT,OutRobot,0,0,0,0,0,1,0,0,0xD0,0,,,
yOutRobotP4_VISION_USE,1,0,1,OutRobot,,P4_VISION_USE,OutRobot,0,0,0,0,0,1,0,0,0xD1,0,,,
yOutRobotSPARE_Y83,1,0,1,OutRobot,,SPARE_Y83,OutRobot,0,0,0,0,0,1,0,0,0xD2,0,,,
yOutRobotSPARE_Y84,1,0,1,OutRobot,,SPARE_Y84,OutRobot,0,0,0,0,0,1,0,0,0xD3,0,,,
yOutRobotSPARE_Y85,1,0,1,OutRobot,,SPARE_Y85,OutRobot,0,0,0,0,0,1,0,0,0xD4,0,,,
yOutRobotP5_PERMIT,1,0,1,OutRobot,,P5_PERMIT,OutRobot,0,0,0,0,0,1,0,0,0xD5,0,,,
yOutRobotP5_VISION_USE,1,0,1,OutRobot,,P5_VISION_USE,OutRobot,0,0,0,0,0,1,0,0,0xD6,0,,,
yOutRobotSPARE_Y88,1,0,1,OutRobot,,SPARE_Y88,OutRobot,0,0,0,0,0,1,0,0,0xD7,0,,,
yOutRobotSPARE_Y89,1,0,1,OutRobot,,SPARE_Y89,OutRobot,0,0,0,0,0,1,0,0,0xD8,0,,,
yOutRobotSPARE_Y90,1,0,1,OutRobot,,SPARE_Y90,OutRobot,0,0,0,0,0,1,0,0,0xD9,0,,,
yOutRobotP6_PERMIT,1,0,1,OutRobot,,P6_PERMIT,OutRobot,0,0,0,0,0,1,0,0,0xDA,0,,,
yOutRobotP6_VISION_USE,1,0,1,OutRobot,,P6_VISION_USE,OutRobot,0,0,0,0,0,1,0,0,0xDB,0,,,
yOutRobotSPARE_Y93,1,0,1,OutRobot,,SPARE_Y93,OutRobot,0,0,0,0,0,1,0,0,0xDC,0,,,
yOutRobotSPARE_Y94,1,0,1,OutRobot,,SPARE_Y94,OutRobot,0,0,0,0,0,1,0,0,0xDD,0,,,
yOutRobotSPARE_Y95,1,0,1,OutRobot,,SPARE_Y95,OutRobot,0,0,0,0,0,1,0,0,0xDE,0,,,
yOutRobotP7_PERMIT,1,0,1,OutRobot,,P7_PERMIT,OutRobot,0,0,0,0,0,1,0,0,0xDF,0,,,
yOutRobotP7_VISION_USE,1,0,1,OutRobot,,P7_VISION_USE,OutRobot,0,0,0,0,0,1,0,0,0xE0,0,,,
yOutRobotSPARE_Y98,1,0,1,OutRobot,,SPARE_Y98,OutRobot,0,0,0,0,0,1,0,0,0xE1,0,,,
yOutRobotSPARE_Y99,1,0,1,OutRobot,,SPARE_Y99,OutRobot,0,0,0,0,0,1,0,0,0xE2,0,,,
yOutRobotSPARE_Y100,1,0,1,OutRobot,,SPARE_Y100,OutRobot,0,0,0,0,0,1,0,0,0xE3,0,,,
yOutRobotAUTO_CALIBRATION_START_REQ,1,0,1,OutRobot,,AUTO_CALIBRATION_START_REQ,OutRobot,0,0,0,0,0,1,0,0,0xE4,0,,,
yOutRobotAUTO_CALIBRATION_MOVE_REQ,1,0,1,OutRobot,,AUTO_CALIBRATION_MOVE_REQ,OutRobot,0,0,0,0,0,1,0,0,0xE5,0,,,
yOutRobotSPARE_Y103,1,0,1,OutRobot,,SPARE_Y103,OutRobot,0,0,0,0,0,1,0,0,0xE6,0,,,
yOutRobotSPARE_Y104,1,0,1,OutRobot,,SPARE_Y104,OutRobot,0,0,0,0,0,1,0,0,0xE7,0,,,
yOutRobotSPARE_Y105,1,0,1,OutRobot,,SPARE_Y105,OutRobot,0,0,0,0,0,1,0,0,0xE8,0,,,
yOutRobotSPARE_Y106,1,0,1,OutRobot,,SPARE_Y106,OutRobot,0,0,0,0,0,1,0,0,0xE9,0,,,
yOutRobotSPARE_Y107,1,0,1,OutRobot,,SPARE_Y107,OutRobot,0,0,0,0,0,1,0,0,0xEA,0,,,
yOutRobotSPARE_Y108,1,0,1,OutRobot,,SPARE_Y108,OutRobot,0,0,0,0,0,1,0,0,0xEB,0,,,
yOutRobotSPARE_Y109,1,0,1,OutRobot,,SPARE_Y109,OutRobot,0,0,0,0,0,1,0,0,0xEC,0,,,
yOutRobotSPARE_Y110,1,0,1,OutRobot,,SPARE_Y110,OutRobot,0,0,0,0,0,1,0,0,0xED,0,,,
yOutRobotSPARE_Y111,1,0,1,OutRobot,,SPARE_Y111,OutRobot,0,0,0,0,0,1,0,0,0xEE,0,,,
yOutRobotSPARE_Y112,1,0,1,OutRobot,,SPARE_Y112,OutRobot,0,0,0,0,0,1,0,0,0xEF,0,,,
yOutRobotSPARE_Y113,1,0,1,OutRobot,,SPARE_Y113,OutRobot,0,0,0,0,0,1,0,0,0xF0,0,,,
yOutRobotSPARE_Y114,1,0,1,OutRobot,,SPARE_Y114,OutRobot,0,0,0,0,0,1,0,0,0xF1,0,,,
yOutRobotSPARE_Y115,1,0,1,OutRobot,,SPARE_Y115,OutRobot,0,0,0,0,0,1,0,0,0xF2,0,,,
yOutRobotSPARE_Y116,1,0,1,OutRobot,,SPARE_Y116,OutRobot,0,0,0,0,0,1,0,0,0xF3,0,,,
yOutRobotSPARE_Y117,1,0,1,OutRobot,,SPARE_Y117,OutRobot,0,0,0,0,0,1,0,0,0xF4,0,,,
yOutRobotSPARE_Y118,1,0,1,OutRobot,,SPARE_Y118,OutRobot,0,0,0,0,0,1,0,0,0xF5,0,,,
yOutRobotSPARE_Y119,1,0,1,OutRobot,,SPARE_Y119,OutRobot,0,0,0,0,0,1,0,0,0xF6,0,,,
yOutRobotSPARE_Y120,1,0,1,OutRobot,,SPARE_Y120,OutRobot,0,0,0,0,0,1,0,0,0xF7,0,,,
yOutRobotSPARE_Y121,1,0,1,OutRobot,,SPARE_Y121,OutRobot,0,0,0,0,0,1,0,0,0xF8,0,,,
yOutRobotSPARE_Y122,1,0,1,OutRobot,,SPARE_Y122,OutRobot,0,0,0,0,0,1,0,0,0xF9,0,,,
yOutRobotSPARE_Y123,1,0,1,OutRobot,,SPARE_Y123,OutRobot,0,0,0,0,0,1,0,0,0xFA,0,,,
yOutRobotSPARE_Y124,1,0,1,OutRobot,,SPARE_Y124,OutRobot,0,0,0,0,0,1,0,0,0xFB,0,,,
yOutRobotSPARE_Y125,1,0,1,OutRobot,,SPARE_Y125,OutRobot,0,0,0,0,0,1,0,0,0xFC,0,,,
yOutRobotSPARE_Y126,1,0,1,OutRobot,,SPARE_Y126,OutRobot,0,0,0,0,0,1,0,0,0xFD,0,,,
yOutRobotSPARE_Y127,1,0,1,OutRobot,,SPARE_Y127,OutRobot,0,0,0,0,0,1,0,0,0xFE,0,,,
yOutRobotSPARE_Y128,1,0,1,OutRobot,,SPARE_Y128,OutRobot,0,0,0,0,0,1,0,0,0xFF,0,,,
xOutRobotWAIT_SIGNAL_NUM_U1_1,1,0,0,OutRobot,,WAIT_SIGNAL_NUM_U1_1,OutRobot,1,0,0,0,0,1,0,0,0x10,0,0,,
xOutRobotWAIT_SIGNAL_NUM_U1_2,1,0,0,OutRobot,,WAIT_SIGNAL_NUM_U1_2,OutRobot,1,0,0,0,0,1,0,0,0x10,0,1,,
xOutRobotWAIT_SIGNAL_NUM_U1_3,1,0,0,OutRobot,,WAIT_SIGNAL_NUM_U1_3,OutRobot,1,0,0,0,0,1,0,0,0x10,0,2,,
xOutRobotWAIT_SIGNAL_NUM_U1_4,1,0,0,OutRobot,,WAIT_SIGNAL_NUM_U1_4,OutRobot,1,0,0,0,0,1,0,0,0x10,0,3,,
xOutRobotWAIT_SIGNAL_NUM_U1_5,1,0,0,OutRobot,,WAIT_SIGNAL_NUM_U1_5,OutRobot,1,0,0,0,0,1,0,0,0x10,0,4,,
xOutRobotWAIT_SIGNAL_NUM_U1_6,1,0,0,OutRobot,,WAIT_SIGNAL_NUM_U1_6,OutRobot,1,0,0,0,0,1,0,0,0x10,0,5,,
xOutRobotWAIT_SIGNAL_NUM_U1_7,1,0,0,OutRobot,,WAIT_SIGNAL_NUM_U1_7,OutRobot,1,0,0,0,0,1,0,0,0x10,0,6,,
xOutRobotWAIT_SIGNAL_NUM_U1_8,1,0,0,OutRobot,,WAIT_SIGNAL_NUM_U1_8,OutRobot,1,0,0,0,0,1,0,0,0x10,0,7,,
xOutRobotWAIT_SIGNAL_NUM_U1_9,1,0,0,OutRobot,,WAIT_SIGNAL_NUM_U1_9,OutRobot,1,0,0,0,0,1,0,0,0x10,0,8,,
xOutRobotWAIT_SIGNAL_NUM_U1_10,1,0,0,OutRobot,,WAIT_SIGNAL_NUM_U1_10,OutRobot,1,0,0,0,0,1,0,0,0x10,0,9,,
xOutRobotWAIT_SIGNAL_NUM_U1_11,1,0,0,OutRobot,,WAIT_SIGNAL_NUM_U1_11,OutRobot,1,0,0,0,0,1,0,0,0x10,0,10,,
xOutRobotWAIT_SIGNAL_NUM_U1_12,1,0,0,OutRobot,,WAIT_SIGNAL_NUM_U1_12,OutRobot,1,0,0,0,0,1,0,0,0x10,0,11,,
xOutRobotWAIT_SIGNAL_NUM_U1_13,1,0,0,OutRobot,,WAIT_SIGNAL_NUM_U1_13,OutRobot,1,0,0,0,0,1,0,0,0x10,0,12,,
xOutRobotWAIT_SIGNAL_NUM_U1_14,1,0,0,OutRobot,,WAIT_SIGNAL_NUM_U1_14,OutRobot,1,0,0,0,0,1,0,0,0x10,0,13,,
xOutRobotWAIT_SIGNAL_NUM_U1_15,1,0,0,OutRobot,,WAIT_SIGNAL_NUM_U1_15,OutRobot,1,0,0,0,0,1,0,0,0x10,0,14,,
xOutRobotWAIT_SIGNAL_NUM_U1_16,1,0,0,OutRobot,,WAIT_SIGNAL_NUM_U1_16,OutRobot,1,0,0,0,0,1,0,0,0x10,0,15,,
xOutRobotCURRENT_POS_BITS_1,1,0,0,OutRobot,,CURRENT_POS_BITS_1,OutRobot,1,0,0,0,0,1,0,0,0x11,0,0,,
xOutRobotCURRENT_POS_BITS_2,1,0,0,OutRobot,,CURRENT_POS_BITS_2,OutRobot,1,0,0,0,0,1,0,0,0x11,0,1,,
xOutRobotCURRENT_POS_BITS_3,1,0,0,OutRobot,,CURRENT_POS_BITS_3,OutRobot,1,0,0,0,0,1,0,0,0x11,0,2,,
xOutRobotCURRENT_POS_BITS_4,1,0,0,OutRobot,,CURRENT_POS_BITS_4,OutRobot,1,0,0,0,0,1,0,0,0x11,0,3,,
xOutRobotCURRENT_POS_BITS_5,1,0,0,OutRobot,,CURRENT_POS_BITS_5,OutRobot,1,0,0,0,0,1,0,0,0x11,0,4,,
xOutRobotSPARE_WR0105,1,0,0,OutRobot,,SPARE_WR0105,OutRobot,1,0,0,0,0,1,0,0,0x11,0,5,,
xOutRobotSPARE_WR0106,1,0,0,OutRobot,,SPARE_WR0106,OutRobot,1,0,0,0,0,1,0,0,0x11,0,6,,
xOutRobotSPARE_WR0107,1,0,0,OutRobot,,SPARE_WR0107,OutRobot,1,0,0,0,0,1,0,0,0x11,0,7,,
xOutRobotCURRENT_RECIPE_BITS_1,1,0,0,OutRobot,,CURRENT_RECIPE_BITS_1,OutRobot,1,0,0,0,0,1,0,0,0x11,0,8,,
xOutRobotCURRENT_RECIPE_BITS_2,1,0,0,OutRobot,,CURRENT_RECIPE_BITS_2,OutRobot,1,0,0,0,0,1,0,0,0x11,0,9,,
xOutRobotCURRENT_RECIPE_BITS_3,1,0,0,OutRobot,,CURRENT_RECIPE_BITS_3,OutRobot,1,0,0,0,0,1,0,0,0x11,0,10,,
xOutRobotCURRENT_RECIPE_BITS_4,1,0,0,OutRobot,,CURRENT_RECIPE_BITS_4,OutRobot,1,0,0,0,0,1,0,0,0x11,0,11,,
xOutRobotCURRENT_RECIPE_BITS_5,1,0,0,OutRobot,,CURRENT_RECIPE_BITS_5,OutRobot,1,0,0,0,0,1,0,0,0x11,0,12,,
xOutRobotCURRENT_RECIPE_BITS_6,1,0,0,OutRobot,,CURRENT_RECIPE_BITS_6,OutRobot,1,0,0,0,0,1,0,0,0x11,0,13,,
xOutRobotSPARE_WR0114,1,0,0,OutRobot,,SPARE_WR0114,OutRobot,1,0,0,0,0,1,0,0,0x11,0,14,,
xOutRobotSPARE_WR0115,1,0,0,OutRobot,,SPARE_WR0115,OutRobot,1,0,0,0,0,1,0,0,0x11,0,15,,
xOutRobotMANUAL_ANSWER_BITS_1,1,0,0,OutRobot,,MANUAL_ANSWER_BITS_1,OutRobot,1,0,0,0,0,1,0,0,0x12,0,0,,
xOutRobotMANUAL_ANSWER_BITS_2,1,0,0,OutRobot,,MANUAL_ANSWER_BITS_2,OutRobot,1,0,0,0,0,1,0,0,0x12,0,1,,
xOutRobotMANUAL_ANSWER_BITS_3,1,0,0,OutRobot,,MANUAL_ANSWER_BITS_3,OutRobot,1,0,0,0,0,1,0,0,0x12,0,2,,
xOutRobotMANUAL_ANSWER_BITS_4,1,0,0,OutRobot,,MANUAL_ANSWER_BITS_4,OutRobot,1,0,0,0,0,1,0,0,0x12,0,3,,
xOutRobotMANUAL_ANSWER_BITS_5,1,0,0,OutRobot,,MANUAL_ANSWER_BITS_5,OutRobot,1,0,0,0,0,1,0,0,0x12,0,4,,
xOutRobotMANUAL_ANSWER_BITS_6,1,0,0,OutRobot,,MANUAL_ANSWER_BITS_6,OutRobot,1,0,0,0,0,1,0,0,0x12,0,5,,
xOutRobotMANUAL_ANSWER_BITS_7,1,0,0,OutRobot,,MANUAL_ANSWER_BITS_7,OutRobot,1,0,0,0,0,1,0,0,0x12,0,6,,
xOutRobotMANUAL_ANSWER_BITS_8,1,0,0,OutRobot,,MANUAL_ANSWER_BITS_8,OutRobot,1,0,0,0,0,1,0,0,0x12,0,7,,
xOutRobotMANUAL_ANSWER_BITS_9,1,0,0,OutRobot,,MANUAL_ANSWER_BITS_9,OutRobot,1,0,0,0,0,1,0,0,0x12,0,8,,
xOutRobotMANUAL_ANSWER_BITS_10,1,0,0,OutRobot,,MANUAL_ANSWER_BITS_10,OutRobot,1,0,0,0,0,1,0,0,0x12,0,9,,
xOutRobotMANUAL_ANSWER_BITS_11,1,0,0,OutRobot,,MANUAL_ANSWER_BITS_11,OutRobot,1,0,0,0,0,1,0,0,0x12,0,10,,
xOutRobotMANUAL_ANSWER_BITS_12,1,0,0,OutRobot,,MANUAL_ANSWER_BITS_12,OutRobot,1,0,0,0,0,1,0,0,0x12,0,11,,
xOutRobotMANUAL_ANSWER_BITS_13,1,0,0,OutRobot,,MANUAL_ANSWER_BITS_13,OutRobot,1,0,0,0,0,1,0,0,0x12,0,12,,
xOutRobotMANUAL_ANSWER_BITS_14,1,0,0,OutRobot,,MANUAL_ANSWER_BITS_14,OutRobot,1,0,0,0,0,1,0,0,0x12,0,13,,
xOutRobotMANUAL_ANSWER_BITS_15,1,0,0,OutRobot,,MANUAL_ANSWER_BITS_15,OutRobot,1,0,0,0,0,1,0,0,0x12,0,14,,
xOutRobotMANUAL_ANSWER_BITS_16,1,0,0,OutRobot,,MANUAL_ANSWER_BITS_16,OutRobot,1,0,0,0,0,1,0,0,0x12,0,15,,
xOutRobotAUTO_CALIBRATION_ACK_1,1,0,0,OutRobot,,AUTO_CALIBRATION_ACK_1,OutRobot,1,0,0,0,0,1,0,0,0x13,0,0,,
xOutRobotAUTO_CALIBRATION_ACK_2,1,0,0,OutRobot,,AUTO_CALIBRATION_ACK_2,OutRobot,1,0,0,0,0,1,0,0,0x13,0,1,,
xOutRobotAUTO_CALIBRATION_ACK_3,1,0,0,OutRobot,,AUTO_CALIBRATION_ACK_3,OutRobot,1,0,0,0,0,1,0,0,0x13,0,2,,
xOutRobotAUTO_CALIBRATION_ACK_4,1,0,0,OutRobot,,AUTO_CALIBRATION_ACK_4,OutRobot,1,0,0,0,0,1,0,0,0x13,0,3,,
xOutRobotINTERFERENCE_REGION1_LEAVE,1,0,0,OutRobot,,INTERFERENCE_REGION1_LEAVE,OutRobot,1,0,0,0,0,1,0,0,0x13,0,4,,
xOutRobotINTERFERENCE_REGION2_LEAVE,1,0,0,OutRobot,,INTERFERENCE_REGION2_LEAVE,OutRobot,1,0,0,0,0,1,0,0,0x13,0,5,,
xOutRobotINTERFERENCE_REGION3_LEAVE,1,0,0,OutRobot,,INTERFERENCE_REGION3_LEAVE,OutRobot,1,0,0,0,0,1,0,0,0x13,0,6,,
xOutRobotU5_RUNNING,1,0,0,OutRobot,,U5_RUNNING,OutRobot,1,0,0,0,0,1,0,0,0x13,0,7,,
xOutRobotU5_RECEIVE_ACK,1,0,0,OutRobot,,U5_RECEIVE_ACK,OutRobot,1,0,0,0,0,1,0,0,0x13,0,8,,
xOutRobotU5_SEND_ACK,1,0,0,OutRobot,,U5_SEND_ACK,OutRobot,1,0,0,0,0,1,0,0,0x13,0,9,,
xOutRobotU4_RUNNING,1,0,0,OutRobot,,U4_RUNNING,OutRobot,1,0,0,0,0,1,0,0,0x13,0,10,,
xOutRobotU4_RECEIVE_ACK,1,0,0,OutRobot,,U4_RECEIVE_ACK,OutRobot,1,0,0,0,0,1,0,0,0x13,0,11,,
xOutRobotU4_SEND_ACK,1,0,0,OutRobot,,U4_SEND_ACK,OutRobot,1,0,0,0,0,1,0,0,0x13,0,12,,
xOutRobotPROCESS_SKIP_ACK,1,0,0,OutRobot,,PROCESS_SKIP_ACK,OutRobot,1,0,0,0,0,1,0,0,0x13,0,13,,
xOutRobotPROCESS_EXIT_ACK,1,0,0,OutRobot,,PROCESS_EXIT_ACK,OutRobot,1,0,0,0,0,1,0,0,0x13,0,14,,
xOutRobotPROCESS_ERROR_ACK,1,0,0,OutRobot,,PROCESS_ERROR_ACK,OutRobot,1,0,0,0,0,1,0,0,0x13,0,15,,
xOutRobotERROR_CODE_BITS_1,1,0,0,OutRobot,,ERROR_CODE_BITS_1,OutRobot,1,0,0,0,0,1,0,0,0x14,0,0,,
xOutRobotERROR_CODE_BITS_2,1,0,0,OutRobot,,ERROR_CODE_BITS_2,OutRobot,1,0,0,0,0,1,0,0,0x14,0,1,,
xOutRobotERROR_CODE_BITS_3,1,0,0,OutRobot,,ERROR_CODE_BITS_3,OutRobot,1,0,0,0,0,1,0,0,0x14,0,2,,
xOutRobotERROR_CODE_BITS_4,1,0,0,OutRobot,,ERROR_CODE_BITS_4,OutRobot,1,0,0,0,0,1,0,0,0x14,0,3,,
xOutRobotERROR_CODE_BITS_5,1,0,0,OutRobot,,ERROR_CODE_BITS_5,OutRobot,1,0,0,0,0,1,0,0,0x14,0,4,,
xOutRobotERROR_CODE_BITS_6,1,0,0,OutRobot,,ERROR_CODE_BITS_6,OutRobot,1,0,0,0,0,1,0,0,0x14,0,5,,
xOutRobotERROR_CODE_BITS_7,1,0,0,OutRobot,,ERROR_CODE_BITS_7,OutRobot,1,0,0,0,0,1,0,0,0x14,0,6,,
xOutRobotERROR_CODE_BITS_8,1,0,0,OutRobot,,ERROR_CODE_BITS_8,OutRobot,1,0,0,0,0,1,0,0,0x14,0,7,,
xOutRobotSPARE_WR0408,1,0,0,OutRobot,,SPARE_WR0408,OutRobot,1,0,0,0,0,1,0,0,0x14,0,8,,
xOutRobotSPARE_WR0409,1,0,0,OutRobot,,SPARE_WR0409,OutRobot,1,0,0,0,0,1,0,0,0x14,0,9,,
xOutRobotSPARE_WR0410,1,0,0,OutRobot,,SPARE_WR0410,OutRobot,1,0,0,0,0,1,0,0,0x14,0,10,,
xOutRobotSPARE_WR0411,1,0,0,OutRobot,,SPARE_WR0411,OutRobot,1,0,0,0,0,1,0,0,0x14,0,11,,
xOutRobotSPARE_WR0412,1,0,0,OutRobot,,SPARE_WR0412,OutRobot,1,0,0,0,0,1,0,0,0x14,0,12,,
xOutRobotSPARE_WR0413,1,0,0,OutRobot,,SPARE_WR0413,OutRobot,1,0,0,0,0,1,0,0,0x14,0,13,,
xOutRobotSPARE_WR0414,1,0,0,OutRobot,,SPARE_WR0414,OutRobot,1,0,0,0,0,1,0,0,0x14,0,14,,
xOutRobotSPARE_WR0415,1,0,0,OutRobot,,SPARE_WR0415,OutRobot,1,0,0,0,0,1,0,0,0x14,0,15,,
yOutRobotMOVING_CONDITION_P1,1,0,1,OutRobot,,MOVING_CONDITION_P1,OutRobot,1,0,0,0,0,1,0,0,0x10,0,0,,
yOutRobotMOVING_CONDITION_P2,1,0,1,OutRobot,,MOVING_CONDITION_P2,OutRobot,1,0,0,0,0,1,0,0,0x10,0,1,,
yOutRobotMOVING_CONDITION_P3,1,0,1,OutRobot,,MOVING_CONDITION_P3,OutRobot,1,0,0,0,0,1,0,0,0x10,0,2,,
yOutRobotMOVING_CONDITION_P4,1,0,1,OutRobot,,MOVING_CONDITION_P4,OutRobot,1,0,0,0,0,1,0,0,0x10,0,3,,
yOutRobotMOVING_CONDITION_P5,1,0,1,OutRobot,,MOVING_CONDITION_P5,OutRobot,1,0,0,0,0,1,0,0,0x10,0,4,,
yOutRobotMOVING_CONDITION_P6,1,0,1,OutRobot,,MOVING_CONDITION_P6,OutRobot,1,0,0,0,0,1,0,0,0x10,0,5,,
yOutRobotMOVING_CONDITION_P7,1,0,1,OutRobot,,MOVING_CONDITION_P7,OutRobot,1,0,0,0,0,1,0,0,0x10,0,6,,
yOutRobotMOVING_CONDITION_P8,1,0,1,OutRobot,,MOVING_CONDITION_P8,OutRobot,1,0,0,0,0,1,0,0,0x10,0,7,,
yOutRobotMOVING_CONDITION_P9,1,0,1,OutRobot,,MOVING_CONDITION_P9,OutRobot,1,0,0,0,0,1,0,0,0x10,0,8,,
yOutRobotMOVING_CONDITION_P10,1,0,1,OutRobot,,MOVING_CONDITION_P10,OutRobot,1,0,0,0,0,1,0,0,0x10,0,9,,
yOutRobotMOVING_CONDITION_P11,1,0,1,OutRobot,,MOVING_CONDITION_P11,OutRobot,1,0,0,0,0,1,0,0,0x10,0,10,,
yOutRobotMOVING_CONDITION_P12,1,0,1,OutRobot,,MOVING_CONDITION_P12,OutRobot,1,0,0,0,0,1,0,0,0x10,0,11,,
yOutRobotMOVING_CONDITION_P13,1,0,1,OutRobot,,MOVING_CONDITION_P13,OutRobot,1,0,0,0,0,1,0,0,0x10,0,12,,
yOutRobotMOVING_CONDITION_P14,1,0,1,OutRobot,,MOVING_CONDITION_P14,OutRobot,1,0,0,0,0,1,0,0,0x10,0,13,,
yOutRobotMOVING_CONDITION_P15,1,0,1,OutRobot,,MOVING_CONDITION_P15,OutRobot,1,0,0,0,0,1,0,0,0x10,0,14,,
yOutRobotMOVING_CONDITION_P16,1,0,1,OutRobot,,MOVING_CONDITION_P16,OutRobot,1,0,0,0,0,1,0,0,0x10,0,15,,
yOutRobotMOVING_CONDITION_P17,1,0,1,OutRobot,,MOVING_CONDITION_P17,OutRobot,1,0,0,0,0,1,0,0,0x11,0,0,,
yOutRobotMOVING_CONDITION_P18,1,0,1,OutRobot,,MOVING_CONDITION_P18,OutRobot,1,0,0,0,0,1,0,0,0x11,0,1,,
yOutRobotMOVING_CONDITION_P19,1,0,1,OutRobot,,MOVING_CONDITION_P19,OutRobot,1,0,0,0,0,1,0,0,0x11,0,2,,
yOutRobotMOVING_CONDITION_P20,1,0,1,OutRobot,,MOVING_CONDITION_P20,OutRobot,1,0,0,0,0,1,0,0,0x11,0,3,,
yOutRobotSPARE_WW0104,1,0,1,OutRobot,,SPARE_WW0104,OutRobot,1,0,0,0,0,1,0,0,0x11,0,4,,
yOutRobotSPARE_WW0105,1,0,1,OutRobot,,SPARE_WW0105,OutRobot,1,0,0,0,0,1,0,0,0x11,0,5,,
yOutRobotCOMPLETE_RETURN,1,0,1,OutRobot,,COMPLETE_RETURN,OutRobot,1,0,0,0,0,1,0,0,0x11,0,6,,
yOutRobotERROR_CODE_RETURN,1,0,1,OutRobot,,ERROR_CODE_RETURN,OutRobot,1,0,0,0,0,1,0,0,0x11,0,7,,
yOutRobotRECIPE_NO_BITS_1,1,0,1,OutRobot,,RECIPE_NO_BITS_1,OutRobot,1,0,0,0,0,1,0,0,0x11,0,8,,
yOutRobotRECIPE_NO_BITS_2,1,0,1,OutRobot,,RECIPE_NO_BITS_2,OutRobot,1,0,0,0,0,1,0,0,0x11,0,9,,
yOutRobotRECIPE_NO_BITS_3,1,0,1,OutRobot,,RECIPE_NO_BITS_3,OutRobot,1,0,0,0,0,1,0,0,0x11,0,10,,
yOutRobotRECIPE_NO_BITS_4,1,0,1,OutRobot,,RECIPE_NO_BITS_4,OutRobot,1,0,0,0,0,1,0,0,0x11,0,11,,
yOutRobotRECIPE_NO_BITS_5,1,0,1,OutRobot,,RECIPE_NO_BITS_5,OutRobot,1,0,0,0,0,1,0,0,0x11,0,12,,
yOutRobotRECIPE_NO_BITS_6,1,0,1,OutRobot,,RECIPE_NO_BITS_6,OutRobot,1,0,0,0,0,1,0,0,0x11,0,13,,
yOutRobotSPARE_WW0114,1,0,1,OutRobot,,SPARE_WW0114,OutRobot,1,0,0,0,0,1,0,0,0x11,0,14,,
yOutRobotSPARE_WW0115,1,0,1,OutRobot,,SPARE_WW0115,OutRobot,1,0,0,0,0,1,0,0,0x11,0,15,,
yOutRobotMANUAL_POS_BINARY_1,1,0,1,OutRobot,,MANUAL_POS_BINARY_1,OutRobot,1,0,0,0,0,1,0,0,0x12,0,0,,
yOutRobotMANUAL_POS_BINARY_2,1,0,1,OutRobot,,MANUAL_POS_BINARY_2,OutRobot,1,0,0,0,0,1,0,0,0x12,0,1,,
yOutRobotMANUAL_POS_BINARY_3,1,0,1,OutRobot,,MANUAL_POS_BINARY_3,OutRobot,1,0,0,0,0,1,0,0,0x12,0,2,,
yOutRobotMANUAL_POS_BINARY_4,1,0,1,OutRobot,,MANUAL_POS_BINARY_4,OutRobot,1,0,0,0,0,1,0,0,0x12,0,3,,
yOutRobotMANUAL_POS_BINARY_5,1,0,1,OutRobot,,MANUAL_POS_BINARY_5,OutRobot,1,0,0,0,0,1,0,0,0x12,0,4,,
yOutRobotMANUAL_POS_BINARY_6,1,0,1,OutRobot,,MANUAL_POS_BINARY_6,OutRobot,1,0,0,0,0,1,0,0,0x12,0,5,,
yOutRobotMANUAL_POS_BINARY_7,1,0,1,OutRobot,,MANUAL_POS_BINARY_7,OutRobot,1,0,0,0,0,1,0,0,0x12,0,6,,
yOutRobotMANUAL_POS_BINARY_8,1,0,1,OutRobot,,MANUAL_POS_BINARY_8,OutRobot,1,0,0,0,0,1,0,0,0x12,0,7,,
yOutRobotMANUAL_POS_BINARY_9,1,0,1,OutRobot,,MANUAL_POS_BINARY_9,OutRobot,1,0,0,0,0,1,0,0,0x12,0,8,,
yOutRobotMANUAL_POS_BINARY_10,1,0,1,OutRobot,,MANUAL_POS_BINARY_10,OutRobot,1,0,0,0,0,1,0,0,0x12,0,9,,
yOutRobotMANUAL_POS_BINARY_11,1,0,1,OutRobot,,MANUAL_POS_BINARY_11,OutRobot,1,0,0,0,0,1,0,0,0x12,0,10,,
yOutRobotMANUAL_POS_BINARY_12,1,0,1,OutRobot,,MANUAL_POS_BINARY_12,OutRobot,1,0,0,0,0,1,0,0,0x12,0,11,,
yOutRobotMANUAL_POS_BINARY_13,1,0,1,OutRobot,,MANUAL_POS_BINARY_13,OutRobot,1,0,0,0,0,1,0,0,0x12,0,12,,
yOutRobotMANUAL_POS_BINARY_14,1,0,1,OutRobot,,MANUAL_POS_BINARY_14,OutRobot,1,0,0,0,0,1,0,0,0x12,0,13,,
yOutRobotMANUAL_POS_BINARY_15,1,0,1,OutRobot,,MANUAL_POS_BINARY_15,OutRobot,1,0,0,0,0,1,0,0,0x12,0,14,,
yOutRobotMANUAL_POS_BINARY_16,1,0,1,OutRobot,,MANUAL_POS_BINARY_16,OutRobot,1,0,0,0,0,1,0,0,0x12,0,15,,
yOutRobotAUTO_CALIBRATION_REQ_1,1,0,1,OutRobot,,AUTO_CALIBRATION_REQ_1,OutRobot,1,0,0,0,0,1,0,0,0x13,0,0,,
yOutRobotAUTO_CALIBRATION_REQ_2,1,0,1,OutRobot,,AUTO_CALIBRATION_REQ_2,OutRobot,1,0,0,0,0,1,0,0,0x13,0,1,,
yOutRobotAUTO_CALIBRATION_REQ_3,1,0,1,OutRobot,,AUTO_CALIBRATION_REQ_3,OutRobot,1,0,0,0,0,1,0,0,0x13,0,2,,
yOutRobotAUTO_CALIBRATION_REQ_4,1,0,1,OutRobot,,AUTO_CALIBRATION_REQ_4,OutRobot,1,0,0,0,0,1,0,0,0x13,0,3,,
yOutRobotINTERFERENCE_REGION1_PERMIT,1,0,1,OutRobot,,INTERFERENCE_REGION1_PERMIT,OutRobot,1,0,0,0,0,1,0,0,0x13,0,4,,
yOutRobotINTERFERENCE_REGION2_PERMIT,1,0,1,OutRobot,,INTERFERENCE_REGION2_PERMIT,OutRobot,1,0,0,0,0,1,0,0,0x13,0,5,,
yOutRobotINTERFERENCE_REGION3_PERMIT,1,0,1,OutRobot,,INTERFERENCE_REGION3_PERMIT,OutRobot,1,0,0,0,0,1,0,0,0x13,0,6,,
yOutRobotSPARE_WW0307,1,0,1,OutRobot,,SPARE_WW0307,OutRobot,1,0,0,0,0,1,0,0,0x13,0,7,,
yOutRobotU5_RECEIVE_REQ,1,0,1,OutRobot,,U5_RECEIVE_REQ,OutRobot,1,0,0,0,0,1,0,0,0x13,0,8,,
yOutRobotU5_SEND_REQ,1,0,1,OutRobot,,U5_SEND_REQ,OutRobot,1,0,0,0,0,1,0,0,0x13,0,9,,
yOutRobotSPARE_WW0310,1,0,1,OutRobot,,SPARE_WW0310,OutRobot,1,0,0,0,0,1,0,0,0x13,0,10,,
yOutRobotU4_RECEIVE_REQ,1,0,1,OutRobot,,U4_RECEIVE_REQ,OutRobot,1,0,0,0,0,1,0,0,0x13,0,11,,
yOutRobotU4_SEND_REQ,1,0,1,OutRobot,,U4_SEND_REQ,OutRobot,1,0,0,0,0,1,0,0,0x13,0,12,,
yOutRobotPROCESS_SKIP_REQ,1,0,1,OutRobot,,PROCESS_SKIP_REQ,OutRobot,1,0,0,0,0,1,0,0,0x13,0,13,,
yOutRobotPROCESS_EXIT_REQ,1,0,1,OutRobot,,PROCESS_EXIT_REQ,OutRobot,1,0,0,0,0,1,0,0,0x13,0,14,,
yOutRobotPROCESS_ERROR_REQ,1,0,1,OutRobot,,PROCESS_ERROR_REQ,OutRobot,1,0,0,0,0,1,0,0,0x13,0,15,,
yOutRobotALIGN_TOOL1_X_LOW_1,1,0,1,OutRobot,,ALIGN_TOOL1_X_LOW_1,OutRobot,1,0,0,0,0,1,0,0,0x14,0,0,,
yOutRobotALIGN_TOOL1_X_LOW_2,1,0,1,OutRobot,,ALIGN_TOOL1_X_LOW_2,OutRobot,1,0,0,0,0,1,0,0,0x14,0,1,,
yOutRobotALIGN_TOOL1_X_LOW_3,1,0,1,OutRobot,,ALIGN_TOOL1_X_LOW_3,OutRobot,1,0,0,0,0,1,0,0,0x14,0,2,,
yOutRobotALIGN_TOOL1_X_LOW_4,1,0,1,OutRobot,,ALIGN_TOOL1_X_LOW_4,OutRobot,1,0,0,0,0,1,0,0,0x14,0,3,,
yOutRobotALIGN_TOOL1_X_LOW_5,1,0,1,OutRobot,,ALIGN_TOOL1_X_LOW_5,OutRobot,1,0,0,0,0,1,0,0,0x14,0,4,,
yOutRobotALIGN_TOOL1_X_LOW_6,1,0,1,OutRobot,,ALIGN_TOOL1_X_LOW_6,OutRobot,1,0,0,0,0,1,0,0,0x14,0,5,,
yOutRobotALIGN_TOOL1_X_LOW_7,1,0,1,OutRobot,,ALIGN_TOOL1_X_LOW_7,OutRobot,1,0,0,0,0,1,0,0,0x14,0,6,,
yOutRobotALIGN_TOOL1_X_LOW_8,1,0,1,OutRobot,,ALIGN_TOOL1_X_LOW_8,OutRobot,1,0,0,0,0,1,0,0,0x14,0,7,,
yOutRobotALIGN_TOOL1_X_LOW_9,1,0,1,OutRobot,,ALIGN_TOOL1_X_LOW_9,OutRobot,1,0,0,0,0,1,0,0,0x14,0,8,,
yOutRobotALIGN_TOOL1_X_LOW_10,1,0,1,OutRobot,,ALIGN_TOOL1_X_LOW_10,OutRobot,1,0,0,0,0,1,0,0,0x14,0,9,,
yOutRobotALIGN_TOOL1_X_LOW_11,1,0,1,OutRobot,,ALIGN_TOOL1_X_LOW_11,OutRobot,1,0,0,0,0,1,0,0,0x14,0,10,,
yOutRobotALIGN_TOOL1_X_LOW_12,1,0,1,OutRobot,,ALIGN_TOOL1_X_LOW_12,OutRobot,1,0,0,0,0,1,0,0,0x14,0,11,,
yOutRobotALIGN_TOOL1_X_LOW_13,1,0,1,OutRobot,,ALIGN_TOOL1_X_LOW_13,OutRobot,1,0,0,0,0,1,0,0,0x14,0,12,,
yOutRobotALIGN_TOOL1_X_LOW_14,1,0,1,OutRobot,,ALIGN_TOOL1_X_LOW_14,OutRobot,1,0,0,0,0,1,0,0,0x14,0,13,,
yOutRobotALIGN_TOOL1_X_LOW_15,1,0,1,OutRobot,,ALIGN_TOOL1_X_LOW_15,OutRobot,1,0,0,0,0,1,0,0,0x14,0,14,,
yOutRobotALIGN_TOOL1_X_LOW_16,1,0,1,OutRobot,,ALIGN_TOOL1_X_LOW_16,OutRobot,1,0,0,0,0,1,0,0,0x14,0,15,,
yOutRobotALIGN_TOOL1_X_HIGH_1,1,0,1,OutRobot,,ALIGN_TOOL1_X_HIGH_1,OutRobot,1,0,0,0,0,1,0,0,0x15,0,0,,
yOutRobotALIGN_TOOL1_X_HIGH_2,1,0,1,OutRobot,,ALIGN_TOOL1_X_HIGH_2,OutRobot,1,0,0,0,0,1,0,0,0x15,0,1,,
yOutRobotALIGN_TOOL1_X_HIGH_3,1,0,1,OutRobot,,ALIGN_TOOL1_X_HIGH_3,OutRobot,1,0,0,0,0,1,0,0,0x15,0,2,,
yOutRobotALIGN_TOOL1_X_HIGH_4,1,0,1,OutRobot,,ALIGN_TOOL1_X_HIGH_4,OutRobot,1,0,0,0,0,1,0,0,0x15,0,3,,
yOutRobotALIGN_TOOL1_X_HIGH_5,1,0,1,OutRobot,,ALIGN_TOOL1_X_HIGH_5,OutRobot,1,0,0,0,0,1,0,0,0x15,0,4,,
yOutRobotALIGN_TOOL1_X_HIGH_6,1,0,1,OutRobot,,ALIGN_TOOL1_X_HIGH_6,OutRobot,1,0,0,0,0,1,0,0,0x15,0,5,,
yOutRobotALIGN_TOOL1_X_HIGH_7,1,0,1,OutRobot,,ALIGN_TOOL1_X_HIGH_7,OutRobot,1,0,0,0,0,1,0,0,0x15,0,6,,
yOutRobotALIGN_TOOL1_X_HIGH_8,1,0,1,OutRobot,,ALIGN_TOOL1_X_HIGH_8,OutRobot,1,0,0,0,0,1,0,0,0x15,0,7,,
yOutRobotALIGN_TOOL1_X_HIGH_9,1,0,1,OutRobot,,ALIGN_TOOL1_X_HIGH_9,OutRobot,1,0,0,0,0,1,0,0,0x15,0,8,,
yOutRobotALIGN_TOOL1_X_HIGH_10,1,0,1,OutRobot,,ALIGN_TOOL1_X_HIGH_10,OutRobot,1,0,0,0,0,1,0,0,0x15,0,9,,
yOutRobotALIGN_TOOL1_X_HIGH_11,1,0,1,OutRobot,,ALIGN_TOOL1_X_HIGH_11,OutRobot,1,0,0,0,0,1,0,0,0x15,0,10,,
yOutRobotALIGN_TOOL1_X_HIGH_12,1,0,1,OutRobot,,ALIGN_TOOL1_X_HIGH_12,OutRobot,1,0,0,0,0,1,0,0,0x15,0,11,,
yOutRobotALIGN_TOOL1_X_HIGH_13,1,0,1,OutRobot,,ALIGN_TOOL1_X_HIGH_13,OutRobot,1,0,0,0,0,1,0,0,0x15,0,12,,
yOutRobotALIGN_TOOL1_X_HIGH_14,1,0,1,OutRobot,,ALIGN_TOOL1_X_HIGH_14,OutRobot,1,0,0,0,0,1,0,0,0x15,0,13,,
yOutRobotALIGN_TOOL1_X_HIGH_15,1,0,1,OutRobot,,ALIGN_TOOL1_X_HIGH_15,OutRobot,1,0,0,0,0,1,0,0,0x15,0,14,,
yOutRobotALIGN_TOOL1_X_MINUS,1,0,1,OutRobot,,ALIGN_TOOL1_X_MINUS,OutRobot,1,0,0,0,0,1,0,0,0x15,0,15,,
yOutRobotALIGN_TOOL1_Y_LOW_1,1,0,1,OutRobot,,ALIGN_TOOL1_Y_LOW_1,OutRobot,1,0,0,0,0,1,0,0,0x16,0,0,,
yOutRobotALIGN_TOOL1_Y_LOW_2,1,0,1,OutRobot,,ALIGN_TOOL1_Y_LOW_2,OutRobot,1,0,0,0,0,1,0,0,0x16,0,1,,
yOutRobotALIGN_TOOL1_Y_LOW_3,1,0,1,OutRobot,,ALIGN_TOOL1_Y_LOW_3,OutRobot,1,0,0,0,0,1,0,0,0x16,0,2,,
yOutRobotALIGN_TOOL1_Y_LOW_4,1,0,1,OutRobot,,ALIGN_TOOL1_Y_LOW_4,OutRobot,1,0,0,0,0,1,0,0,0x16,0,3,,
yOutRobotALIGN_TOOL1_Y_LOW_5,1,0,1,OutRobot,,ALIGN_TOOL1_Y_LOW_5,OutRobot,1,0,0,0,0,1,0,0,0x16,0,4,,
yOutRobotALIGN_TOOL1_Y_LOW_6,1,0,1,OutRobot,,ALIGN_TOOL1_Y_LOW_6,OutRobot,1,0,0,0,0,1,0,0,0x16,0,5,,
yOutRobotALIGN_TOOL1_Y_LOW_7,1,0,1,OutRobot,,ALIGN_TOOL1_Y_LOW_7,OutRobot,1,0,0,0,0,1,0,0,0x16,0,6,,
yOutRobotALIGN_TOOL1_Y_LOW_8,1,0,1,OutRobot,,ALIGN_TOOL1_Y_LOW_8,OutRobot,1,0,0,0,0,1,0,0,0x16,0,7,,
yOutRobotALIGN_TOOL1_Y_LOW_9,1,0,1,OutRobot,,ALIGN_TOOL1_Y_LOW_9,OutRobot,1,0,0,0,0,1,0,0,0x16,0,8,,
yOutRobotALIGN_TOOL1_Y_LOW_10,1,0,1,OutRobot,,ALIGN_TOOL1_Y_LOW_10,OutRobot,1,0,0,0,0,1,0,0,0x16,0,9,,
yOutRobotALIGN_TOOL1_Y_LOW_11,1,0,1,OutRobot,,ALIGN_TOOL1_Y_LOW_11,OutRobot,1,0,0,0,0,1,0,0,0x16,0,10,,
yOutRobotALIGN_TOOL1_Y_LOW_12,1,0,1,OutRobot,,ALIGN_TOOL1_Y_LOW_12,OutRobot,1,0,0,0,0,1,0,0,0x16,0,11,,
yOutRobotALIGN_TOOL1_Y_LOW_13,1,0,1,OutRobot,,ALIGN_TOOL1_Y_LOW_13,OutRobot,1,0,0,0,0,1,0,0,0x16,0,12,,
yOutRobotALIGN_TOOL1_Y_LOW_14,1,0,1,OutRobot,,ALIGN_TOOL1_Y_LOW_14,OutRobot,1,0,0,0,0,1,0,0,0x16,0,13,,
yOutRobotALIGN_TOOL1_Y_LOW_15,1,0,1,OutRobot,,ALIGN_TOOL1_Y_LOW_15,OutRobot,1,0,0,0,0,1,0,0,0x16,0,14,,
yOutRobotALIGN_TOOL1_Y_LOW_16,1,0,1,OutRobot,,ALIGN_TOOL1_Y_LOW_16,OutRobot,1,0,0,0,0,1,0,0,0x16,0,15,,
yOutRobotALIGN_TOOL1_Y_HIGH_1,1,0,1,OutRobot,,ALIGN_TOOL1_Y_HIGH_1,OutRobot,1,0,0,0,0,1,0,0,0x17,0,0,,
yOutRobotALIGN_TOOL1_Y_HIGH_2,1,0,1,OutRobot,,ALIGN_TOOL1_Y_HIGH_2,OutRobot,1,0,0,0,0,1,0,0,0x17,0,1,,
yOutRobotALIGN_TOOL1_Y_HIGH_3,1,0,1,OutRobot,,ALIGN_TOOL1_Y_HIGH_3,OutRobot,1,0,0,0,0,1,0,0,0x17,0,2,,
yOutRobotALIGN_TOOL1_Y_HIGH_4,1,0,1,OutRobot,,ALIGN_TOOL1_Y_HIGH_4,OutRobot,1,0,0,0,0,1,0,0,0x17,0,3,,
yOutRobotALIGN_TOOL1_Y_HIGH_5,1,0,1,OutRobot,,ALIGN_TOOL1_Y_HIGH_5,OutRobot,1,0,0,0,0,1,0,0,0x17,0,4,,
yOutRobotALIGN_TOOL1_Y_HIGH_6,1,0,1,OutRobot,,ALIGN_TOOL1_Y_HIGH_6,OutRobot,1,0,0,0,0,1,0,0,0x17,0,5,,
yOutRobotALIGN_TOOL1_Y_HIGH_7,1,0,1,OutRobot,,ALIGN_TOOL1_Y_HIGH_7,OutRobot,1,0,0,0,0,1,0,0,0x17,0,6,,
yOutRobotALIGN_TOOL1_Y_HIGH_8,1,0,1,OutRobot,,ALIGN_TOOL1_Y_HIGH_8,OutRobot,1,0,0,0,0,1,0,0,0x17,0,7,,
yOutRobotALIGN_TOOL1_Y_HIGH_9,1,0,1,OutRobot,,ALIGN_TOOL1_Y_HIGH_9,OutRobot,1,0,0,0,0,1,0,0,0x17,0,8,,
yOutRobotALIGN_TOOL1_Y_HIGH_10,1,0,1,OutRobot,,ALIGN_TOOL1_Y_HIGH_10,OutRobot,1,0,0,0,0,1,0,0,0x17,0,9,,
yOutRobotALIGN_TOOL1_Y_HIGH_11,1,0,1,OutRobot,,ALIGN_TOOL1_Y_HIGH_11,OutRobot,1,0,0,0,0,1,0,0,0x17,0,10,,
yOutRobotALIGN_TOOL1_Y_HIGH_12,1,0,1,OutRobot,,ALIGN_TOOL1_Y_HIGH_12,OutRobot,1,0,0,0,0,1,0,0,0x17,0,11,,
yOutRobotALIGN_TOOL1_Y_HIGH_13,1,0,1,OutRobot,,ALIGN_TOOL1_Y_HIGH_13,OutRobot,1,0,0,0,0,1,0,0,0x17,0,12,,
yOutRobotALIGN_TOOL1_Y_HIGH_14,1,0,1,OutRobot,,ALIGN_TOOL1_Y_HIGH_14,OutRobot,1,0,0,0,0,1,0,0,0x17,0,13,,
yOutRobotALIGN_TOOL1_Y_HIGH_15,1,0,1,OutRobot,,ALIGN_TOOL1_Y_HIGH_15,OutRobot,1,0,0,0,0,1,0,0,0x17,0,14,,
yOutRobotALIGN_TOOL1_Y_MINUS,1,0,1,OutRobot,,ALIGN_TOOL1_Y_MINUS,OutRobot,1,0,0,0,0,1,0,0,0x17,0,15,,
yOutRobotALIGN_TOOL1_T_LOW_1,1,0,1,OutRobot,,ALIGN_TOOL1_T_LOW_1,OutRobot,1,0,0,0,0,1,0,0,0x18,0,0,,
yOutRobotALIGN_TOOL1_T_LOW_2,1,0,1,OutRobot,,ALIGN_TOOL1_T_LOW_2,OutRobot,1,0,0,0,0,1,0,0,0x18,0,1,,
yOutRobotALIGN_TOOL1_T_LOW_3,1,0,1,OutRobot,,ALIGN_TOOL1_T_LOW_3,OutRobot,1,0,0,0,0,1,0,0,0x18,0,2,,
yOutRobotALIGN_TOOL1_T_LOW_4,1,0,1,OutRobot,,ALIGN_TOOL1_T_LOW_4,OutRobot,1,0,0,0,0,1,0,0,0x18,0,3,,
yOutRobotALIGN_TOOL1_T_LOW_5,1,0,1,OutRobot,,ALIGN_TOOL1_T_LOW_5,OutRobot,1,0,0,0,0,1,0,0,0x18,0,4,,
yOutRobotALIGN_TOOL1_T_LOW_6,1,0,1,OutRobot,,ALIGN_TOOL1_T_LOW_6,OutRobot,1,0,0,0,0,1,0,0,0x18,0,5,,
yOutRobotALIGN_TOOL1_T_LOW_7,1,0,1,OutRobot,,ALIGN_TOOL1_T_LOW_7,OutRobot,1,0,0,0,0,1,0,0,0x18,0,6,,
yOutRobotALIGN_TOOL1_T_LOW_8,1,0,1,OutRobot,,ALIGN_TOOL1_T_LOW_8,OutRobot,1,0,0,0,0,1,0,0,0x18,0,7,,
yOutRobotALIGN_TOOL1_T_LOW_9,1,0,1,OutRobot,,ALIGN_TOOL1_T_LOW_9,OutRobot,1,0,0,0,0,1,0,0,0x18,0,8,,
yOutRobotALIGN_TOOL1_T_LOW_10,1,0,1,OutRobot,,ALIGN_TOOL1_T_LOW_10,OutRobot,1,0,0,0,0,1,0,0,0x18,0,9,,
yOutRobotALIGN_TOOL1_T_LOW_11,1,0,1,OutRobot,,ALIGN_TOOL1_T_LOW_11,OutRobot,1,0,0,0,0,1,0,0,0x18,0,10,,
yOutRobotALIGN_TOOL1_T_LOW_12,1,0,1,OutRobot,,ALIGN_TOOL1_T_LOW_12,OutRobot,1,0,0,0,0,1,0,0,0x18,0,11,,
yOutRobotALIGN_TOOL1_T_LOW_13,1,0,1,OutRobot,,ALIGN_TOOL1_T_LOW_13,OutRobot,1,0,0,0,0,1,0,0,0x18,0,12,,
yOutRobotALIGN_TOOL1_T_LOW_14,1,0,1,OutRobot,,ALIGN_TOOL1_T_LOW_14,OutRobot,1,0,0,0,0,1,0,0,0x18,0,13,,
yOutRobotALIGN_TOOL1_T_LOW_15,1,0,1,OutRobot,,ALIGN_TOOL1_T_LOW_15,OutRobot,1,0,0,0,0,1,0,0,0x18,0,14,,
yOutRobotALIGN_TOOL1_T_LOW_16,1,0,1,OutRobot,,ALIGN_TOOL1_T_LOW_16,OutRobot,1,0,0,0,0,1,0,0,0x18,0,15,,
yOutRobotALIGN_TOOL1_T_HIGH_1,1,0,1,OutRobot,,ALIGN_TOOL1_T_HIGH_1,OutRobot,1,0,0,0,0,1,0,0,0x19,0,0,,
yOutRobotALIGN_TOOL1_T_HIGH_2,1,0,1,OutRobot,,ALIGN_TOOL1_T_HIGH_2,OutRobot,1,0,0,0,0,1,0,0,0x19,0,1,,
yOutRobotALIGN_TOOL1_T_HIGH_3,1,0,1,OutRobot,,ALIGN_TOOL1_T_HIGH_3,OutRobot,1,0,0,0,0,1,0,0,0x19,0,2,,
yOutRobotALIGN_TOOL1_T_HIGH_4,1,0,1,OutRobot,,ALIGN_TOOL1_T_HIGH_4,OutRobot,1,0,0,0,0,1,0,0,0x19,0,3,,
yOutRobotALIGN_TOOL1_T_HIGH_5,1,0,1,OutRobot,,ALIGN_TOOL1_T_HIGH_5,OutRobot,1,0,0,0,0,1,0,0,0x19,0,4,,
yOutRobotALIGN_TOOL1_T_HIGH_6,1,0,1,OutRobot,,ALIGN_TOOL1_T_HIGH_6,OutRobot,1,0,0,0,0,1,0,0,0x19,0,5,,
yOutRobotALIGN_TOOL1_T_HIGH_7,1,0,1,OutRobot,,ALIGN_TOOL1_T_HIGH_7,OutRobot,1,0,0,0,0,1,0,0,0x19,0,6,,
yOutRobotALIGN_TOOL1_T_HIGH_8,1,0,1,OutRobot,,ALIGN_TOOL1_T_HIGH_8,OutRobot,1,0,0,0,0,1,0,0,0x19,0,7,,
yOutRobotALIGN_TOOL1_T_HIGH_9,1,0,1,OutRobot,,ALIGN_TOOL1_T_HIGH_9,OutRobot,1,0,0,0,0,1,0,0,0x19,0,8,,
yOutRobotALIGN_TOOL1_T_HIGH_10,1,0,1,OutRobot,,ALIGN_TOOL1_T_HIGH_10,OutRobot,1,0,0,0,0,1,0,0,0x19,0,9,,
yOutRobotALIGN_TOOL1_T_HIGH_11,1,0,1,OutRobot,,ALIGN_TOOL1_T_HIGH_11,OutRobot,1,0,0,0,0,1,0,0,0x19,0,10,,
yOutRobotALIGN_TOOL1_T_HIGH_12,1,0,1,OutRobot,,ALIGN_TOOL1_T_HIGH_12,OutRobot,1,0,0,0,0,1,0,0,0x19,0,11,,
yOutRobotALIGN_TOOL1_T_HIGH_13,1,0,1,OutRobot,,ALIGN_TOOL1_T_HIGH_13,OutRobot,1,0,0,0,0,1,0,0,0x19,0,12,,
yOutRobotALIGN_TOOL1_T_HIGH_14,1,0,1,OutRobot,,ALIGN_TOOL1_T_HIGH_14,OutRobot,1,0,0,0,0,1,0,0,0x19,0,13,,
yOutRobotALIGN_TOOL1_T_HIGH_15,1,0,1,OutRobot,,ALIGN_TOOL1_T_HIGH_15,OutRobot,1,0,0,0,0,1,0,0,0x19,0,14,,
yOutRobotALIGN_TOOL1_T_MINUS,1,0,1,OutRobot,,ALIGN_TOOL1_T_MINUS,OutRobot,1,0,0,0,0,1,0,0,0x19,0,15,,
yOutRobotALIGN_TOOL2_X_LOW_1,1,0,1,OutRobot,,ALIGN_TOOL2_X_LOW_1,OutRobot,1,0,0,0,0,1,0,0,0x1A,0,0,,
yOutRobotALIGN_TOOL2_X_LOW_2,1,0,1,OutRobot,,ALIGN_TOOL2_X_LOW_2,OutRobot,1,0,0,0,0,1,0,0,0x1A,0,1,,
yOutRobotALIGN_TOOL2_X_LOW_3,1,0,1,OutRobot,,ALIGN_TOOL2_X_LOW_3,OutRobot,1,0,0,0,0,1,0,0,0x1A,0,2,,
yOutRobotALIGN_TOOL2_X_LOW_4,1,0,1,OutRobot,,ALIGN_TOOL2_X_LOW_4,OutRobot,1,0,0,0,0,1,0,0,0x1A,0,3,,
yOutRobotALIGN_TOOL2_X_LOW_5,1,0,1,OutRobot,,ALIGN_TOOL2_X_LOW_5,OutRobot,1,0,0,0,0,1,0,0,0x1A,0,4,,
yOutRobotALIGN_TOOL2_X_LOW_6,1,0,1,OutRobot,,ALIGN_TOOL2_X_LOW_6,OutRobot,1,0,0,0,0,1,0,0,0x1A,0,5,,
yOutRobotALIGN_TOOL2_X_LOW_7,1,0,1,OutRobot,,ALIGN_TOOL2_X_LOW_7,OutRobot,1,0,0,0,0,1,0,0,0x1A,0,6,,
yOutRobotALIGN_TOOL2_X_LOW_8,1,0,1,OutRobot,,ALIGN_TOOL2_X_LOW_8,OutRobot,1,0,0,0,0,1,0,0,0x1A,0,7,,
yOutRobotALIGN_TOOL2_X_LOW_9,1,0,1,OutRobot,,ALIGN_TOOL2_X_LOW_9,OutRobot,1,0,0,0,0,1,0,0,0x1A,0,8,,
yOutRobotALIGN_TOOL2_X_LOW_10,1,0,1,OutRobot,,ALIGN_TOOL2_X_LOW_10,OutRobot,1,0,0,0,0,1,0,0,0x1A,0,9,,
yOutRobotALIGN_TOOL2_X_LOW_11,1,0,1,OutRobot,,ALIGN_TOOL2_X_LOW_11,OutRobot,1,0,0,0,0,1,0,0,0x1A,0,10,,
yOutRobotALIGN_TOOL2_X_LOW_12,1,0,1,OutRobot,,ALIGN_TOOL2_X_LOW_12,OutRobot,1,0,0,0,0,1,0,0,0x1A,0,11,,
yOutRobotALIGN_TOOL2_X_LOW_13,1,0,1,OutRobot,,ALIGN_TOOL2_X_LOW_13,OutRobot,1,0,0,0,0,1,0,0,0x1A,0,12,,
yOutRobotALIGN_TOOL2_X_LOW_14,1,0,1,OutRobot,,ALIGN_TOOL2_X_LOW_14,OutRobot,1,0,0,0,0,1,0,0,0x1A,0,13,,
yOutRobotALIGN_TOOL2_X_LOW_15,1,0,1,OutRobot,,ALIGN_TOOL2_X_LOW_15,OutRobot,1,0,0,0,0,1,0,0,0x1A,0,14,,
yOutRobotALIGN_TOOL2_X_LOW_16,1,0,1,OutRobot,,ALIGN_TOOL2_X_LOW_16,OutRobot,1,0,0,0,0,1,0,0,0x1A,0,15,,
yOutRobotALIGN_TOOL2_X_HIGH_1,1,0,1,OutRobot,,ALIGN_TOOL2_X_HIGH_1,OutRobot,1,0,0,0,0,1,0,0,0x1B,0,0,,
yOutRobotALIGN_TOOL2_X_HIGH_2,1,0,1,OutRobot,,ALIGN_TOOL2_X_HIGH_2,OutRobot,1,0,0,0,0,1,0,0,0x1B,0,1,,
yOutRobotALIGN_TOOL2_X_HIGH_3,1,0,1,OutRobot,,ALIGN_TOOL2_X_HIGH_3,OutRobot,1,0,0,0,0,1,0,0,0x1B,0,2,,
yOutRobotALIGN_TOOL2_X_HIGH_4,1,0,1,OutRobot,,ALIGN_TOOL2_X_HIGH_4,OutRobot,1,0,0,0,0,1,0,0,0x1B,0,3,,
yOutRobotALIGN_TOOL2_X_HIGH_5,1,0,1,OutRobot,,ALIGN_TOOL2_X_HIGH_5,OutRobot,1,0,0,0,0,1,0,0,0x1B,0,4,,
yOutRobotALIGN_TOOL2_X_HIGH_6,1,0,1,OutRobot,,ALIGN_TOOL2_X_HIGH_6,OutRobot,1,0,0,0,0,1,0,0,0x1B,0,5,,
yOutRobotALIGN_TOOL2_X_HIGH_7,1,0,1,OutRobot,,ALIGN_TOOL2_X_HIGH_7,OutRobot,1,0,0,0,0,1,0,0,0x1B,0,6,,
yOutRobotALIGN_TOOL2_X_HIGH_8,1,0,1,OutRobot,,ALIGN_TOOL2_X_HIGH_8,OutRobot,1,0,0,0,0,1,0,0,0x1B,0,7,,
yOutRobotALIGN_TOOL2_X_HIGH_9,1,0,1,OutRobot,,ALIGN_TOOL2_X_HIGH_9,OutRobot,1,0,0,0,0,1,0,0,0x1B,0,8,,
yOutRobotALIGN_TOOL2_X_HIGH_10,1,0,1,OutRobot,,ALIGN_TOOL2_X_HIGH_10,OutRobot,1,0,0,0,0,1,0,0,0x1B,0,9,,
yOutRobotALIGN_TOOL2_X_HIGH_11,1,0,1,OutRobot,,ALIGN_TOOL2_X_HIGH_11,OutRobot,1,0,0,0,0,1,0,0,0x1B,0,10,,
yOutRobotALIGN_TOOL2_X_HIGH_12,1,0,1,OutRobot,,ALIGN_TOOL2_X_HIGH_12,OutRobot,1,0,0,0,0,1,0,0,0x1B,0,11,,
yOutRobotALIGN_TOOL2_X_HIGH_13,1,0,1,OutRobot,,ALIGN_TOOL2_X_HIGH_13,OutRobot,1,0,0,0,0,1,0,0,0x1B,0,12,,
yOutRobotALIGN_TOOL2_X_HIGH_14,1,0,1,OutRobot,,ALIGN_TOOL2_X_HIGH_14,OutRobot,1,0,0,0,0,1,0,0,0x1B,0,13,,
yOutRobotALIGN_TOOL2_X_HIGH_15,1,0,1,OutRobot,,ALIGN_TOOL2_X_HIGH_15,OutRobot,1,0,0,0,0,1,0,0,0x1B,0,14,,
yOutRobotALIGN_TOOL2_X_MINUS,1,0,1,OutRobot,,ALIGN_TOOL2_X_MINUS,OutRobot,1,0,0,0,0,1,0,0,0x1B,0,15,,
yOutRobotALIGN_TOOL2_Y_LOW_1,1,0,1,OutRobot,,ALIGN_TOOL2_Y_LOW_1,OutRobot,1,0,0,0,0,1,0,0,0x1C,0,0,,
yOutRobotALIGN_TOOL2_Y_LOW_2,1,0,1,OutRobot,,ALIGN_TOOL2_Y_LOW_2,OutRobot,1,0,0,0,0,1,0,0,0x1C,0,1,,
yOutRobotALIGN_TOOL2_Y_LOW_3,1,0,1,OutRobot,,ALIGN_TOOL2_Y_LOW_3,OutRobot,1,0,0,0,0,1,0,0,0x1C,0,2,,
yOutRobotALIGN_TOOL2_Y_LOW_4,1,0,1,OutRobot,,ALIGN_TOOL2_Y_LOW_4,OutRobot,1,0,0,0,0,1,0,0,0x1C,0,3,,
yOutRobotALIGN_TOOL2_Y_LOW_5,1,0,1,OutRobot,,ALIGN_TOOL2_Y_LOW_5,OutRobot,1,0,0,0,0,1,0,0,0x1C,0,4,,
yOutRobotALIGN_TOOL2_Y_LOW_6,1,0,1,OutRobot,,ALIGN_TOOL2_Y_LOW_6,OutRobot,1,0,0,0,0,1,0,0,0x1C,0,5,,
yOutRobotALIGN_TOOL2_Y_LOW_7,1,0,1,OutRobot,,ALIGN_TOOL2_Y_LOW_7,OutRobot,1,0,0,0,0,1,0,0,0x1C,0,6,,
yOutRobotALIGN_TOOL2_Y_LOW_8,1,0,1,OutRobot,,ALIGN_TOOL2_Y_LOW_8,OutRobot,1,0,0,0,0,1,0,0,0x1C,0,7,,
yOutRobotALIGN_TOOL2_Y_LOW_9,1,0,1,OutRobot,,ALIGN_TOOL2_Y_LOW_9,OutRobot,1,0,0,0,0,1,0,0,0x1C,0,8,,
yOutRobotALIGN_TOOL2_Y_LOW_10,1,0,1,OutRobot,,ALIGN_TOOL2_Y_LOW_10,OutRobot,1,0,0,0,0,1,0,0,0x1C,0,9,,
yOutRobotALIGN_TOOL2_Y_LOW_11,1,0,1,OutRobot,,ALIGN_TOOL2_Y_LOW_11,OutRobot,1,0,0,0,0,1,0,0,0x1C,0,10,,
yOutRobotALIGN_TOOL2_Y_LOW_12,1,0,1,OutRobot,,ALIGN_TOOL2_Y_LOW_12,OutRobot,1,0,0,0,0,1,0,0,0x1C,0,11,,
yOutRobotALIGN_TOOL2_Y_LOW_13,1,0,1,OutRobot,,ALIGN_TOOL2_Y_LOW_13,OutRobot,1,0,0,0,0,1,0,0,0x1C,0,12,,
yOutRobotALIGN_TOOL2_Y_LOW_14,1,0,1,OutRobot,,ALIGN_TOOL2_Y_LOW_14,OutRobot,1,0,0,0,0,1,0,0,0x1C,0,13,,
yOutRobotALIGN_TOOL2_Y_LOW_15,1,0,1,OutRobot,,ALIGN_TOOL2_Y_LOW_15,OutRobot,1,0,0,0,0,1,0,0,0x1C,0,14,,
yOutRobotALIGN_TOOL2_Y_LOW_16,1,0,1,OutRobot,,ALIGN_TOOL2_Y_LOW_16,OutRobot,1,0,0,0,0,1,0,0,0x1C,0,15,,
yOutRobotALIGN_TOOL2_Y_HIGH_1,1,0,1,OutRobot,,ALIGN_TOOL2_Y_HIGH_1,OutRobot,1,0,0,0,0,1,0,0,0x1D,0,0,,
yOutRobotALIGN_TOOL2_Y_HIGH_2,1,0,1,OutRobot,,ALIGN_TOOL2_Y_HIGH_2,OutRobot,1,0,0,0,0,1,0,0,0x1D,0,1,,
yOutRobotALIGN_TOOL2_Y_HIGH_3,1,0,1,OutRobot,,ALIGN_TOOL2_Y_HIGH_3,OutRobot,1,0,0,0,0,1,0,0,0x1D,0,2,,
yOutRobotALIGN_TOOL2_Y_HIGH_4,1,0,1,OutRobot,,ALIGN_TOOL2_Y_HIGH_4,OutRobot,1,0,0,0,0,1,0,0,0x1D,0,3,,
yOutRobotALIGN_TOOL2_Y_HIGH_5,1,0,1,OutRobot,,ALIGN_TOOL2_Y_HIGH_5,OutRobot,1,0,0,0,0,1,0,0,0x1D,0,4,,
yOutRobotALIGN_TOOL2_Y_HIGH_6,1,0,1,OutRobot,,ALIGN_TOOL2_Y_HIGH_6,OutRobot,1,0,0,0,0,1,0,0,0x1D,0,5,,
yOutRobotALIGN_TOOL2_Y_HIGH_7,1,0,1,OutRobot,,ALIGN_TOOL2_Y_HIGH_7,OutRobot,1,0,0,0,0,1,0,0,0x1D,0,6,,
yOutRobotALIGN_TOOL2_Y_HIGH_8,1,0,1,OutRobot,,ALIGN_TOOL2_Y_HIGH_8,OutRobot,1,0,0,0,0,1,0,0,0x1D,0,7,,
yOutRobotALIGN_TOOL2_Y_HIGH_9,1,0,1,OutRobot,,ALIGN_TOOL2_Y_HIGH_9,OutRobot,1,0,0,0,0,1,0,0,0x1D,0,8,,
yOutRobotALIGN_TOOL2_Y_HIGH_10,1,0,1,OutRobot,,ALIGN_TOOL2_Y_HIGH_10,OutRobot,1,0,0,0,0,1,0,0,0x1D,0,9,,
yOutRobotALIGN_TOOL2_Y_HIGH_11,1,0,1,OutRobot,,ALIGN_TOOL2_Y_HIGH_11,OutRobot,1,0,0,0,0,1,0,0,0x1D,0,10,,
yOutRobotALIGN_TOOL2_Y_HIGH_12,1,0,1,OutRobot,,ALIGN_TOOL2_Y_HIGH_12,OutRobot,1,0,0,0,0,1,0,0,0x1D,0,11,,
yOutRobotALIGN_TOOL2_Y_HIGH_13,1,0,1,OutRobot,,ALIGN_TOOL2_Y_HIGH_13,OutRobot,1,0,0,0,0,1,0,0,0x1D,0,12,,
yOutRobotALIGN_TOOL2_Y_HIGH_14,1,0,1,OutRobot,,ALIGN_TOOL2_Y_HIGH_14,OutRobot,1,0,0,0,0,1,0,0,0x1D,0,13,,
yOutRobotALIGN_TOOL2_Y_HIGH_15,1,0,1,OutRobot,,ALIGN_TOOL2_Y_HIGH_15,OutRobot,1,0,0,0,0,1,0,0,0x1D,0,14,,
yOutRobotALIGN_TOOL2_Y_MINUS,1,0,1,OutRobot,,ALIGN_TOOL2_Y_MINUS,OutRobot,1,0,0,0,0,1,0,0,0x1D,0,15,,
yOutRobotALIGN_TOOL2_T_LOW_1,1,0,1,OutRobot,,ALIGN_TOOL2_T_LOW_1,OutRobot,1,0,0,0,0,1,0,0,0x1E,0,0,,
yOutRobotALIGN_TOOL2_T_LOW_2,1,0,1,OutRobot,,ALIGN_TOOL2_T_LOW_2,OutRobot,1,0,0,0,0,1,0,0,0x1E,0,1,,
yOutRobotALIGN_TOOL2_T_LOW_3,1,0,1,OutRobot,,ALIGN_TOOL2_T_LOW_3,OutRobot,1,0,0,0,0,1,0,0,0x1E,0,2,,
yOutRobotALIGN_TOOL2_T_LOW_4,1,0,1,OutRobot,,ALIGN_TOOL2_T_LOW_4,OutRobot,1,0,0,0,0,1,0,0,0x1E,0,3,,
yOutRobotALIGN_TOOL2_T_LOW_5,1,0,1,OutRobot,,ALIGN_TOOL2_T_LOW_5,OutRobot,1,0,0,0,0,1,0,0,0x1E,0,4,,
yOutRobotALIGN_TOOL2_T_LOW_6,1,0,1,OutRobot,,ALIGN_TOOL2_T_LOW_6,OutRobot,1,0,0,0,0,1,0,0,0x1E,0,5,,
yOutRobotALIGN_TOOL2_T_LOW_7,1,0,1,OutRobot,,ALIGN_TOOL2_T_LOW_7,OutRobot,1,0,0,0,0,1,0,0,0x1E,0,6,,
yOutRobotALIGN_TOOL2_T_LOW_8,1,0,1,OutRobot,,ALIGN_TOOL2_T_LOW_8,OutRobot,1,0,0,0,0,1,0,0,0x1E,0,7,,
yOutRobotALIGN_TOOL2_T_LOW_9,1,0,1,OutRobot,,ALIGN_TOOL2_T_LOW_9,OutRobot,1,0,0,0,0,1,0,0,0x1E,0,8,,
yOutRobotALIGN_TOOL2_T_LOW_10,1,0,1,OutRobot,,ALIGN_TOOL2_T_LOW_10,OutRobot,1,0,0,0,0,1,0,0,0x1E,0,9,,
yOutRobotALIGN_TOOL2_T_LOW_11,1,0,1,OutRobot,,ALIGN_TOOL2_T_LOW_11,OutRobot,1,0,0,0,0,1,0,0,0x1E,0,10,,
yOutRobotALIGN_TOOL2_T_LOW_12,1,0,1,OutRobot,,ALIGN_TOOL2_T_LOW_12,OutRobot,1,0,0,0,0,1,0,0,0x1E,0,11,,
yOutRobotALIGN_TOOL2_T_LOW_13,1,0,1,OutRobot,,ALIGN_TOOL2_T_LOW_13,OutRobot,1,0,0,0,0,1,0,0,0x1E,0,12,,
yOutRobotALIGN_TOOL2_T_LOW_14,1,0,1,OutRobot,,ALIGN_TOOL2_T_LOW_14,OutRobot,1,0,0,0,0,1,0,0,0x1E,0,13,,
yOutRobotALIGN_TOOL2_T_LOW_15,1,0,1,OutRobot,,ALIGN_TOOL2_T_LOW_15,OutRobot,1,0,0,0,0,1,0,0,0x1E,0,14,,
yOutRobotALIGN_TOOL2_T_LOW_16,1,0,1,OutRobot,,ALIGN_TOOL2_T_LOW_16,OutRobot,1,0,0,0,0,1,0,0,0x1E,0,15,,
yOutRobotALIGN_TOOL2_T_HIGH_1,1,0,1,OutRobot,,ALIGN_TOOL2_T_HIGH_1,OutRobot,1,0,0,0,0,1,0,0,0x1F,0,0,,
yOutRobotALIGN_TOOL2_T_HIGH_2,1,0,1,OutRobot,,ALIGN_TOOL2_T_HIGH_2,OutRobot,1,0,0,0,0,1,0,0,0x1F,0,1,,
yOutRobotALIGN_TOOL2_T_HIGH_3,1,0,1,OutRobot,,ALIGN_TOOL2_T_HIGH_3,OutRobot,1,0,0,0,0,1,0,0,0x1F,0,2,,
yOutRobotALIGN_TOOL2_T_HIGH_4,1,0,1,OutRobot,,ALIGN_TOOL2_T_HIGH_4,OutRobot,1,0,0,0,0,1,0,0,0x1F,0,3,,
yOutRobotALIGN_TOOL2_T_HIGH_5,1,0,1,OutRobot,,ALIGN_TOOL2_T_HIGH_5,OutRobot,1,0,0,0,0,1,0,0,0x1F,0,4,,
yOutRobotALIGN_TOOL2_T_HIGH_6,1,0,1,OutRobot,,ALIGN_TOOL2_T_HIGH_6,OutRobot,1,0,0,0,0,1,0,0,0x1F,0,5,,
yOutRobotALIGN_TOOL2_T_HIGH_7,1,0,1,OutRobot,,ALIGN_TOOL2_T_HIGH_7,OutRobot,1,0,0,0,0,1,0,0,0x1F,0,6,,
yOutRobotALIGN_TOOL2_T_HIGH_8,1,0,1,OutRobot,,ALIGN_TOOL2_T_HIGH_8,OutRobot,1,0,0,0,0,1,0,0,0x1F,0,7,,
yOutRobotALIGN_TOOL2_T_HIGH_9,1,0,1,OutRobot,,ALIGN_TOOL2_T_HIGH_9,OutRobot,1,0,0,0,0,1,0,0,0x1F,0,8,,
yOutRobotALIGN_TOOL2_T_HIGH_10,1,0,1,OutRobot,,ALIGN_TOOL2_T_HIGH_10,OutRobot,1,0,0,0,0,1,0,0,0x1F,0,9,,
yOutRobotALIGN_TOOL2_T_HIGH_11,1,0,1,OutRobot,,ALIGN_TOOL2_T_HIGH_11,OutRobot,1,0,0,0,0,1,0,0,0x1F,0,10,,
yOutRobotALIGN_TOOL2_T_HIGH_12,1,0,1,OutRobot,,ALIGN_TOOL2_T_HIGH_12,OutRobot,1,0,0,0,0,1,0,0,0x1F,0,11,,
yOutRobotALIGN_TOOL2_T_HIGH_13,1,0,1,OutRobot,,ALIGN_TOOL2_T_HIGH_13,OutRobot,1,0,0,0,0,1,0,0,0x1F,0,12,,
yOutRobotALIGN_TOOL2_T_HIGH_14,1,0,1,OutRobot,,ALIGN_TOOL2_T_HIGH_14,OutRobot,1,0,0,0,0,1,0,0,0x1F,0,13,,
yOutRobotALIGN_TOOL2_T_HIGH_15,1,0,1,OutRobot,,ALIGN_TOOL2_T_HIGH_15,OutRobot,1,0,0,0,0,1,0,0,0x1F,0,14,,
yOutRobotALIGN_TOOL2_T_MINUS,1,0,1,OutRobot,,ALIGN_TOOL2_T_MINUS,OutRobot,1,0,0,0,0,1,0,0,0x1F,0,15,,
